label,content
0,손자를 보험대상자로 하고 할아버지를 계약자로 하는 교육보험 가입이 가능한가요?
0,종퇴보험으로 퇴직금 운영시 기업의 자체자금으로 선지급하고...
0,퇴직연금의 경우 근로자에 대한 교육이 중요하다는 데 교육은 누가 어떻게 시키나요?
0,사고보험금 청구 기한은 어떻게 됩니까?
0,확정급여형(DB)과 확정기여형(DC) 제도는 무엇이며 이 둘은 어떻게 다름니까?
0,전자서명 시 오류가 발생하면  어떻게 조치하나요?
0,증권계좌로도 자동이체 신청가능합니까?
0,국내에 거주하는 외국인도 보험가입이 가능합니까?
0,Late Trading이란 무엇입니까?
0,연금으로 받을 경우 어떤 이익이 있나요?
0,보험 효력상실 기간 중 종보험대상자(종피보험자)가 사망해도 부활이 가능합니까?
0,퇴직 후에도 근로자가 IRA에 추가로 부담금을 낼 수 있습니까?
0,현행 퇴직금 제도에서 퇴직연금제도로 전환하면 어떤 점들이 좋아지나요?
0,신탁상품은 중도(해지(해약))가 가능합니까?
1,LG SmartWorld란 무엇인가요.
1,휴대폰에 물기나 이물질이 들어갔어요.
1,휴대폰을 물에 빠뜨렸어요. (침수)
0,보안카드를 분실했습니다. 어떻게 해야 합니까?
0,변액보험 펀드변경을 할때 옵션A와 옵션B가 있는데요  차이점이 어떻게 되나요?
1,Tone + 는 기존 헤드셋과 무엇이 다른가요?
1,전원을 꺼도 날개가 완전히 닫히지 않아요.
1,버튼을 눌러도 동작하지 않아요.(공기청정 좌우바람 먼지상태 습도 등)
1,가스냄새가 나요.
0,적립식 펀드의 자동이체 지정일에 잔액이 없는 경우는 어떻게 되나요?
0,고객사랑서비스는 무엇입니까?
3,렌터카 대여 가능나이가 어떻게 되나요?
3,좌석배정 미리 할수 있나요?
3,비자가 필요한 나라일 경우 비자 수속은 개인이 하나요? 아니면 대행해주나요?
0,고지의무란 무엇인가요?
0,장기주택저당차입금 이자상환액 연말소득공제 요건은 무엇인가요?
1,2in1 에어컨 초기 사용시 실외기 소음이 커진 것 같아요.
3,전화로 카드결제를 하고 싶은데 가능한가요?
3,단독행사로 진행도 가능한가요?
3,[여권/마일리지/체류지정보] 예약시 여권 유효 기간은 얼마나 남아있어야 하나요?
0,ELS펀드란 무엇입니까?
0,회사 사정상 임의해지는 가능합니까?
1,F1  F2  F3  F4  F5 표시가 떠요.
3,같은 호텔 같은 룸타입이 2개 이상 검색되는 이유가 궁금합니다
1,오레오 OS 변경 점이 궁금해요.
3,[예약취소 및 환불요청] 항공사에서는 수수료 없이 환불이 가능한데  모두투어는 가능한가요
1,V35  G7의 DTS:X 3D 입체음향 기능은 무엇인가요.
0,퇴직연금제도에서도 중간정산제도가 있습니까? 근로자가 목돈이 필요하면 어떻게합니까?
0,로그인 비밀번호와 거래 비밀번호는 어떻게 다릅니까?
0,자필서명을 안하면 어떻게 되나요?
0,운용방법(펀드)의 변경시 불이익은 없습니까?
3,항공사 마일리지를 사용하여 발권이 가능한가요?
3,학생요금의 적용 기준은 무엇이고 나이 제한이 따로 있나요?
1,갑자기 에어컨에서 불쾌한 냄새가 나요.
0,교보다이렉트는 누구에게 적합한가요?
3,애완동물 데리고 비행기 탑승 가능한가요?
0,평균분할투자란 무엇입니까?
0,비밀번호(생년월일) 입력 후 화면이 정지된 상태로 멈춰있습니다.
1,U+ 해외 로밍 서비스는 무엇인가요?
1,음성 녹음의 추가된 기능
3,하프보드 Vs. 풀보드(Half Board vs. Full Board)
1,휴대폰에 LG 캠 플러스를 어떻게 끼우고 뺄 수 있나요?
1,난방이 됐다 안됐다 해요.
3,항공마일리지는 있는데 현지행사만 같이 할수있나요?
3,[투어마일리지][사용문의] 항공권에 투어마일리지를 사용하고 싶은데요?
1,비가 오면 에어컨에서 물이 새요.
3,안전결제(ISP)/안심클릭 서비스 신청은 어떻게 하나요?
1,360 CAM 휴대폰과 연결하여 사용하기
3,국내 이동전화를 해외에서 쓸 수 있는 방법은?
0,다이렉트도 평생든든 서비스를 해주시나요?
1,메시지 문자크기 조절을 어떻게 하나요.
3,요금미정으로 보이는 숙소는 접수가 불가능 한가요?
2,상품을 교환하고 싶어요! 어떻게 하면 되나요?
2,배송중인 상품의 위치는 어떻게 확인하나요?
0,종퇴보험에서 가입비율 100%로 적립하고 있는데 퇴직보험...
1,모바일카드를 발급 받고 싶습니다.
0,계약체결시 직업란에 위험직종이 아닌 것으로 했을 경우 보장은?
0,확정급여형의 실시가 더 적합한 사업장 또는 근로자는?
1,G6 화면 꺼진 상태에서 얼굴 인식으로 잠금 해제가 안돼요.
2,휴일에도 상품을 받을수 있나요?
0,불완전판매란 무엇입니까?
0,확정기여형에 있어서 운용방법의 변경 시 불이익은 없나요?
1,상하/ 좌우 풍향 조절이 안돼요.
2,휴일에도 상품을 받을수 있나요?
1,배관을 재사용 할 수 있나요.
0,한 기업이 DB/DC/퇴직금제도를 동시에 도입할 수 있습니까?
2,착불배송 상품의 배송비를 주문할 때 지불하고 싶어요!
1,에어컨이 꺼져 있는데 실외기가 돌아가요. 사용하지 않는데 물이 떨어져요.
2,상품을 직접 방문하여 수령할 수는 없나요?
1,휴대폰이 느려지거나 멈추는 경우 어떻게 하나요.
2,롯데닷컴 배송흐름은 어떻게 되나요?
2,판매자가 상품 상태 확인 후 반품/교환 가능 여부를 알려주겠다고 하는데 왜 그런가요?
2,롯데닷컴 배송흐름은 어떻게 되나요?
1,LG페이 교통카드 등록 시 ' LG페이 교통카드를 주 교통카드로 설정하려면 먼저 삼성페이 교통카드를 삭제해 주세요' 라고 나옵니다.
2,취소한 상품이 배송되었습니다. 어떻게 하나요?
1,화면 밝기를 100% 로 해도 화면이 어두워요.
3,여행시 주의해야 할 점은 어떤 것이 있나요 ?
0,MY삼성생명 이용절차 안내 입니다.
2,상품을 받지 못했는데 발송완료로 표시되는 이유가 뭔가요?
0,고지의무 위반에 따른 안내  입니다.
3,현지 호텔에서 결제 해도 되나요?
0,DC 부담금은 얼마고 어떻게 계산합니까?
3,항공권 예약 시 서비스오류({0}) 라는 멘트가 뜨면서 예약이 안되요!!
3,[유럽]기차 여행이 왜 좋은가요?
0,보험관련 안내장 우편물 수령지를 변경하고 싶습니다.
0,변액보험 펀드변경은 무엇인가요?
0,자동이체 결제계좌 변경이 되지 않습니다.
1,V35  G7 카메라 촬영(셔터) 속도가 느려요.
0,보험료 자동이체시 합산이체가 뭐예요?
0,보안프로그램 설치시 파일복사 실패인 경우에는?
0,금융거래회원으로 가입 시 공인인증서가 꼭 필요합니까?
3,[기타] 항공권의 표시된 두번째 여정 먼저 사용할 수 있나요?
1,Smart ThinQ 연결이 안돼요. 등록실패가 떠요.
2,상품을 받지 못했는데 발송완료로 표시되는 이유가 뭔가요?
2,상품을 받지 못했는데 발송완료로 표시되는 이유가 뭔가요?
1,LG Hi-Fi Plus는 무엇인가요?
0,기준가격  좌수 등 용어는 무슨 뜻인가요?
3,차량 인수방법
3,유아 나이 기준은 어떻게 적용 되나요?
1,[난방] 가동 중 멈추고 예열 또는 제상 표시가 나타나요.
1,스마트 듀얼 맞춤냉방 인체감지 기능이 안돼요.
1,휴대폰에서도 LG 360 VR 콘텐츠를 볼 수 있나요?
1,LG Hi-Fi Plus에 이어폰 연결 후 동작은 어떻게 되나요?
0,퇴직연금제도가 새로 도입되면  기존의 퇴직보험은 어떻게 되나요?
0,홈페이지를 통한 대출계약 변경신청 이란 ?
3,알라카르트(A La Carte)
1,전원을 꺼도 날개가 완전히 닫히지 않아요.
3,기차에는 장애인을 위한 시설이 준비되어 있나요?
3,TAX란 무엇인가요?
3,예약취소를 했는데 결제 취소는 어떻게 되나요?
2,발송완료 알림톡(SMS)을 받았는데  송장 추적이 되지 않아요.
0,기지급받은 보험금 내역을 피보험자(보험대상자)에게는 안내가 불가한 이유가 무엇입니까?
0,MY삼성생명 접속 중 보안프로그램 설치에서 화면이 멈춰있습니다.
0,「나의 계약」에서 원하는 서비스(메뉴)를 찾는 방법
3,렌터카 예약시 특정차량으로 선택할 수 있나요?
1,숲속향 /  아로마향 교체 방법을 알려주세요.
1,에어컨에 코드가 없어요. 코드가 잘렸어요.
2,상품을 직접 방문하여 수령할 수는 없나요?
3,항공편 예약은 언제부터 가능한가요? 예약 후 항공권 구입은 언제까지 해야 하나요?
3,[일본][규슈] JR 레일패스를 일본에서 구입할수 있나요?
0,해지시 납입보험료보다 해지환급금이 적은 이유는 무엇입니까?
1,LG 캠 플러스 버튼의 기능은 무엇인가요?
2,상품이 회수된 경우 꼭 운송장(송장번호)을 보관하고 있어야 하나요?
3,여권번호를 모르는데 오늘 결제마감시한이예요.어떻게 하죠?
2,배송중인 상품의 위치는 어떻게 확인하나요?
3,비자가 필요한 나라일 경우 비자 수속은 개인이 하나요? 아니면 대행해주나요?
2,발송완료 알림톡(SMS) 을 받았는데 상품은 언제쯤 받을 수 있는거예요?
3,이태리 투어리스트 택스 및 유럽 시티택스가 무엇인가요?
3,해외여행자 보험이란??
2,취소한 상품이 배송되었습니다. 어떻게 하나요?
2,취소한 상품이 배송되었습니다. 어떻게 하나요?
2,배송중인 상품의 위치는 어떻게 확인하나요?
1,네트워크 신호가 약할 때에는 어떻게 조치할 수 있나요.
1,표시창에 CH05가 떠요
2,배송중인 상품의 위치는 어떻게 확인하나요?
3,중복(이중) 예약건은 취소 해야 하나요?
2,주문한 상품은 언제쯤 받을 수 있나요?
2,발송완료 알림톡(SMS)을 받았는데  송장 추적이 되지 않아요.
0,홈페이지 회원가입시 아이디와 비밀번호를 만들지 않았습니다 어떻게 로그인해야 해야합니까?
3,패키지여행이란 무엇을 말하는 건가요?
3,대기예약이라고 하면 예약이 어떻게 된 건가요?
2,주문한 상품은 언제쯤 받을 수 있나요?
0,대출금리에는 어떤 것들이 있습니까?
1,OTG 기능에 대해 알고 싶어요.
1,Always-on display를 사용하면 배터리가 얼마나 더 빨리 소모되나요?
2,상품을 받지 못했는데 발송완료로 표시되는 이유가 뭔가요?
2,휴일에도 상품을 받을수 있나요?
2,취소한 상품이 배송되었습니다. 어떻게 하나요?
1,화면밝기 조절했는데도 화면이 어두워요.
0,IRA기업형에서도 과거근무기간 전체 또는 일부에 대한 소급적용이 가능합니까?
1,스탠드 에어컨 스마트 진단 사용 방법을 알려주세요.
1,[G6] 얼굴 인식 기능은 어떻게 사용하나요.
3,[공항/기내서비스][기타]항공권을 수령하지 못했는데 면세점 이용이 불가한가요?
1,G7의 화면 밝기를 100%보다 더 밝게 설정하고 싶어요.
0,준비금비례사업비를 부가하는 이유는?
3,비자 대행해 줄 때 수수료를 지불해야 하나요?
3,카드로 결제 했는데  현금으로 환불 받을 수 있나요?
2,취소한 상품이 배송되었습니다. 어떻게 하나요?
2,취소한 상품이 배송되었습니다. 어떻게 하나요?
0,보장성 보험으로 납입이 완료되면 기납입보험료를 모두 받을수 있습니까?
1,냉기가 나왔다 안 나왔다 해요.
0,보험약관은 어디서 볼 수 있나요?
1,G5 카메라 - Auto Shot (오토 셀피)
2,배송이 지연되는 사유가 무엇인가요?
3,호텔 예약시 함께 가는 일행 정보 모두 입력 해야 할까요?
2,롯데닷컴 배송흐름은 어떻게 되나요?
3,항공권 결제시한 연장이 가능한가요?
3,예약한 호텔 부대시설이 어떻게 되나요?
0,전화 상담 가입과 일반 설계사(컨설턴트)를 통한 가입시의 차이점은?
2,발송완료 알림톡(SMS)을 받았는데  송장 추적이 되지 않아요.
3,[예약취소 및 환불요청] 예약한 항공권을 변경하거나 취소할 수 있나요?
1,LG Bridge(LG 브릿지) 와 휴대폰 연결하여 백업 복원은 어떻게 하나요.
3,공항미팅시간에 맞춰갈 수 없을 것 같은데 어떤 조치를 취해야 하나요?
3,24시간이내 회신이 무슨뜻인가요?
1,제상 또는 예열이 뜨면서 난방이 안돼요.
1,[난방] 실외기에서 물이 떨어져요.연기가 올라와요.
0,5인 미만 사업장에는 언제부터 퇴직연금제도가 적용됩니까?
2,취소한 상품이 배송되었습니다. 어떻게 하나요?
1,LED 램프가 1번 6번 간격으로 깜박거려요.(점검코드 CH61)
1,리모컨이 안돼요.
0,퇴직연금제도가 새로 도입되면  기존의 퇴직보험은 어떻게 되나요?
1,메시지 알림 설정은 어떻게 하나요.
3,취소마감일이 지난 예약이라 그런지 예약 과 동시에 결제를 하라고 합니다. 결제 없이 예약만 불가능한가요?
0,금융정보보호 신청건인데 자동이체 신청은 어떻게 합니까?
1,배수펌프가 작동하지 않아요.
1,화면 터치가 안되시나요?
1,(난방) 실외기에 성에가 껴요.
3,출발일시 & 귀국일시 확인해주세요
2,롯데닷컴 배송흐름은 어떻게 되나요?
0,계약자 배당금 지급 안내 입니다.
1,카메라 전문가 모드의 ISO(감도)는 어떻게 동작 하나요?
3,신용 불량자도 해외여행을 할 수 있나요?
2,발송완료 알림톡(SMS) 을 받았는데 상품은 언제쯤 받을 수 있는거예요?
3,결제시한이 예고 없이 변경될 수 있나요?
2,배송이 지연되는 사유가 무엇인가요?
0,Late Trading이란 무엇입니까?
0,해지(효력상실)되었고  해약환급금이 없습니다. 꼭 방문해서 해약 해야 하나요?
0,청약시 자필서명을 하지 않았습니다. 보험보장이 가능합니까?
0,실손보험에서 의사소견으로 신의료기술인 고가의 치료를 받았습니다. 보장이 되나요?
3,귀국일을 지정하지 않고 예약이 가능한가요?
0,홈페이지를 통한 신용대출 신청절차를 알고 싶습니다.
0,보험료 납입(잔액)증명서 신청방법을 알려주세요
3,경로 할인 요금이 있나요?
1,벽걸이  에어컨  바람 소리가  커요. 소음이 커졌어요.
3,고객 결제시한이 변경될수 있나요?
1,[가정용스탠드에어컨] 먼지 및 냄새 센서 위치
3,동일한 날짜 동일한 호텔 검색시 요금 변동이 생기는 이유를 알고 싶습니다
0,지문인증 서비스는 안전한가요?
2,주문한 상품은 언제쯤 받을 수 있나요?
3,[티켓(e-ticket)출력] 항공권은 어떻게 확인하나요?
2,상품을 받지 못했는데 발송완료로 표시되는 이유가 뭔가요?
1,에어컨 설치 및 철거 신청 비용 확인은 고객지원-설치/철거 예약을 선택해 주세요.
1,휴대폰에 연결된 다른 기기를 휴대폰으로 충전할 수 있나요?
2,발송완료 알림톡(SMS) 을 받았는데 상품은 언제쯤 받을 수 있는거예요?
2,상품을 받지 못했는데 발송완료로 표시되는 이유가 뭔가요?
2,주문한 상품은 언제쯤 받을 수 있나요?
1,리모컨 화면이 꺼져있어요.
2,휴일에도 상품을 받을수 있나요?
3,수하물은 몇 kg까지 무료로 제공되나요? 따로 비용이 발생하나요?
2,발송완료 알림톡(SMS) 을 받았는데 상품은 언제쯤 받을 수 있는거예요?
3,[유럽] 배낭여행 완전정복하기!
1,실내기가 흔들리는데 어떻게 고정하나요.
1,리모컨이 됐다 안됐다 해요.
1,에어컨 가동 중 떨리는 소음이 나요.
3,[유럽] 야간열차 어떻게 이용해야 하나요?
1,에어컨 가스는 얼마 만에 한 번씩 주입하나요. 가스 넣을 때가 된 것 같아요.
0,퇴직연금제도 도입 후  다른 종류의 제도로 변경할 수 있나요?
2,롯데닷컴 배송흐름은 어떻게 되나요?
0,퇴직연금에도 퇴직금 중간정산제와 같이 근로자가 목돈을 필요로 할 때 사용할 수 있는 제도가 있나요?
1,해외 휴대폰을 국내 이동통신사의  3G 네트워크 사용시 설정방법 확인하세요.
1,휴대폰을 LG 프렌즈 카메라와 연결하여 동시에 촬영할 수 있나요?
0,확정급여형(DB)제도와 확정기여형(DC)제도 중 어느 제도가 더 유리한가요?
3,알짜항공권 출발 및 TAX미확정이면 어떻게 하나요?
2,발송완료 알림톡(SMS)을 받았는데  송장 추적이 되지 않아요.
2,상품을 받지 못했는데 발송완료로 표시되는 이유가 뭔가요?
2,배송중인 상품의 위치는 어떻게 확인하나요?
2,발송완료 알림톡(SMS)을 받았는데  송장 추적이 되지 않아요.
1,K10(LG-F670) 5GHz Wi - Fi 접속 안됨
1,앱을 설치한 후 앱이 멈추는 증상이 발생해요.
2,발송완료 알림톡(SMS) 을 받았는데 상품은 언제쯤 받을 수 있는거예요?
3,Family Care Service가 무엇인가요?
0,변액보험에 대해서 자세히 설명해주세요
3,임산부를 위한 허니문 추천 여행지
3,당일 예약이 가능한가요?
1,앵글 및 베란다 새시가 있다면 앵글이나 새시를 손으로 살짝 잡아 보시겠어요?
3,학생요금 적용 시 구비서류는 무엇인가요? 혹 나이 제한도 있나요?
3,항공권 발권 후 돌아오는 여정 먼저 사용 할 수 있나요?
0,MY삼성생명에서 지급청구 후 청구서를 꼭 팩스 전송해야합니까?
0,퇴직보험과 종퇴보험의 금리운용방식은 어떻게 되나요?
3,공동운항이란??
3,국내숙박은 하나투어 마일리지 적립포인트가 상품금액에 얼마 적립 인가요?
3,항공권 예약을 취소하고 싶은데 어떻게 취소하면 되죠?
0,변액보험 펀드를 운용하는 운용사를 알고 싶습니다.
1,휴대폰 화면을 케이블 없이 TV에서 볼 수 있나요.
3,[티켓(e-ticket)출력] 공항에는 무엇을 가지고 가면 되나요?
0,확정급여형(DB)제도와 퇴직보험은 유사해 보입니다. 차이점으로는 어떤 것이 있을까요?
3,온라인상으로는 좌석이 보이는데 예약완료 시 왜 대기인가요?
1,Wi-Fi 연결은 어떻게 하나요?
0,중간정산 실시예정인 단체가 퇴직보험에 가입하면 무엇이 좋습니까?
0,뺑소니 또는 무보험차량에 의해 사망했을 경우 필요서류는 무엇인지요?
3,[지중해&유럽] 한국 음식을 가져가도 되나요?
2,발송완료 알림톡(SMS) 을 받았는데 상품은 언제쯤 받을 수 있는거예요?
3,공항에는 무엇을 가지고 가면 되나요?
1,전원이 저절로 꺼져요.
2,주문한 상품은 언제쯤 받을 수 있나요?
1,바람이 나오지 않아요.
3,신혼여행상품 예약은 언제쯤부터 해야하나요?
0,「나의 계약」 비밀번호 확인 방법을 알려주세요
3,평소 성지순례 지역에 관심이 많았는데 종교가 없는 사람도 예약이 가능할까요?
2,택배사에서 상품을 분실했다고 합니다. 어떻게 해야 하나요?
3,패키지 여행 중 쇼핑한 물품을 환불하고 싶습니다.
0,퇴직보험청구서에 자필서명을 꼭 해야 합니까?
3,대기예약된 경우 결제는 가능한가요? 또한 확정은 언제 되나요?
2,주문한 상품은 언제쯤 받을 수 있나요?
0,기준가격  좌수 등 용어는 무슨 뜻인가요?
3,수하물 분실 시 어떻게 해야 하나요?
1,스마트 알림이 기능을 알려 주세요.
2,개인정보는 안전하게 보호 받고 있나요?
3,예약신청시 방 지정을 미리 할 수 있나요?
0,지난달과 이번달 이자가 왜 틀리나요?(추가대출고객 중도이자상환고객 CD/ATM 이용고객 등)
1,스탠드 에어컨 사용시 “득득득  뚝뚝” 소음이 나요.
2,취소한 상품이 배송되었습니다. 어떻게 하나요?
2,발송완료 알림톡(SMS) 을 받았는데 상품은 언제쯤 받을 수 있는거예요?
2,구매확정이란 무엇인가요?
0,현행 퇴직금제도는 없어집니까?
1,LG 캠 플러스는 다운받은 카메라 앱에서 사용할 수 있나요?
1,상하 / 좌우 날개 조절이 안돼요.
3,[이름변경] 예약시 영문이름이 여권과 달라도 상관없나요?
3,상품찜은 어떻게 사용하나요?
1,에어컨 가동 중 부딪히는 소음이 나요.
0,대출현황 및 이자납입일 등은 어떻게 확인합니까?
0,IRA 개인형에 가입하면 55세 이전에 계약해지(해약)도 가능합니까?
3,예약한 호텔 무선인터넷 가능한가요?
2,롯데닷컴 배송흐름은 어떻게 되나요?
0,퇴직연금제도 시행하면 이전에 근무한 기간은 어떻게 됩니까?
1,Smart ThinQ 연결이 안돼요. 등록실패가 떠요.
1,SD카드에 자료 이동하는 방법
0,DC/IRA 가입자 입니다. 보안카드 비밀번호 5회 오류로 사용이 중지되었습니다. 보안카드 재발급은 어떻게 합니까?
2,상품을 받지 못했는데 발송완료로 표시되는 이유가 뭔가요?
1,전화나 메시지 수신 시 플래시가 깜빡입니다.
1,오레오 버전에서 앱 다운로드 후 홈화면에 앱 아이콘이 안보여요.
2,상품을 받지 못했는데 발송완료로 표시되는 이유가 뭔가요?
3,항공사 마일리지 적립위한 회원번호 등록해주세요?
2,주문한 상품은 언제쯤 받을 수 있나요?
1,표시창에 바람개비 표시가 떠요. 실외기 표시가 떠요.
2,배송 받은 상품이 파손되었을 경우 어떻게 해야 하나요?
0,보안메일 열람시 '컴퓨터에 설치된 ActiveX 컨트롤을 실행하는 것을 허용하지 않습니다.'란 메시지가 보입니다.(보안메일 컨트롤을 실행할 수 없는 경우)
1,외장 메모리를 장착했는지 확인해 보셨나요?
2,매킨토시 사용자는 안전결제(ISP)서비스를 이용할 수 없나요?
1,난방 선택이 안돼요.
2,발송완료 알림톡(SMS) 을 받았는데 상품은 언제쯤 받을 수 있는거예요?
0,사고보험금 지급이 지연될 경우 어떻게 해야 하나요?
2,배송이 지연되는 사유가 무엇인가요?
3,호텔 체크인 시 디파짓(보증금) 지불해야 할까요?
2,상품을 직접 방문하여 수령할 수는 없나요?
1,휴대폰 충전이 안됩니다.
3,여행 중 질병 또는 부상 발생 시 병원 이용이 가능한가요? 비용은 어떻게 되죠?
3,세미룸은 무엇인가요?
3,항공사 예약번호 확인해주세요?
0,확정기여형의 실시가 더 적합한 사업장 또는 근로자는?
1,휴대폰의 데이터가 삭제되었나요.
2,취소한 상품이 배송되었습니다. 어떻게 하나요?
1,대기 중 전원이 꺼져요. 어떻게 해야 하나요.
2,교환을 신청하면 언제쯤 새 상품을 받아볼 수 있나요?
0,연금은 몇 년간 받을 수 있나요?
1,V35 G7 게임 중에는 불필요한 알림을 받고 싶지 않아요.
2,상품을 직접 방문하여 수령할 수는 없나요?
2,배송이 지연되는 사유가 무엇인가요?
0,결제일에 보험료를 납부하지 않으면 해지(실효) 되는 건가요?
3,환전은 어떻게 해야하나요?
0,확정급여형 제도와 확정기여형 제도는 무엇이며 이 둘은 어떻게 틀립니까?
3,항공권 예약을 했는데 다른 사람 이름으로 변경 가능한가요?
1,실내기 LED 램프가 깜박 거려요.
3,두 개의 신용카드로 결제 할수 있나요?
3,해외항공권 예약시 법인카드 결제는 어떻게 하나요?
3,야간열차의 경우 어떤 객실이 제공되나요?
1,제품 배터리 소모를 최소화할 수 있는 방법
0,삼성생명 계약이 있어야만 회원가입을 할 수 있나요?
2,주문한 상품은 언제쯤 받을 수 있나요?
1,[냉방] 실외기가 돌아가지 않아요. 실외기가 늦게 돌아가요.
1,메시지 스팸차단 설정  해제방법이 궁금합니다.
2,배송이 지연되는 사유가 무엇인가요?
0,신탁상품을 가입했을 경우 내야하는 수수료는 어떻게 됩니까?
2,배송이 지연되는 사유가 무엇인가요?
1,에어컨 공기청정기 냄새 및 먼지 센서 동작이 안되는 것 같아요.
0,보험계약 중 동일한 보장인 경우 중복 지급이 되는지요?
1,표시창에 ES가 나타나요.
0,보험계약자 및 피보험자(보험대상자)의 고지의무 위반에 따른 안내 입니다.
1,휴대폰이 물기나 이물질에 노출될 경우 주의 사항이 궁금해요.
1,소프트웨어 업데이트 방법을 알고 계신가요
2,주문한 상품은 언제쯤 받을 수 있나요?
0,실손의료보험은 진료비영수증의 진료비총액을 보장하는 건가요?
2,휴일에도 상품을 받을수 있나요?
3,렌터카 예약가능 기간은 어떻게 되나요?
2,상품을 직접 방문하여 수령할 수는 없나요?
1,최신 소프트웨어 버전으로 업데이트하고 싶어요.
1,일부 기능만 버튼을 눌러도 동작하지 않아요.
3,가이드나 인솔자 팁은 어느 정도 줘야 합니까?
2,배송중인 상품의 위치는 어떻게 확인하나요?
2,주문한 상품은 언제쯤 받을 수 있나요?
1,LG 페이 앱을 설치하고 싶어요.
3,좌석 배정은 언제 받을 수 있나요?
2,상품을 A/S받고 싶어요! 어떻게 하면 되나요?
0,이자 납입내역 및 상환 내역을 FAX로 받을 수 있는지 궁금합니다.
2,배송이 지연되는 사유가 무엇인가요?
0,회원탈퇴는 어떻게 해야 합니까?
1,해제코드(PUK)를 분실한 경우 조치방법이 궁금하신가요?
3,[공항/기내서비스][기타] 좌석 지정은 요청 가능한가요?
3,항공권을 구매하였는데 하나투어마일리지 적립 받을 수 있나요?
1,바람세기 조절이 안돼요. 풍량 조절이 안돼요.
1,LG 360 캠은 무엇인가요?
3,예약 건에 탑승자 추가 예약 가능한가요?
3,자유여행을 가려하는데요. 조언 좀 해주세요.
3,국내선 항공 취소는 언제까지 해야 수수료부과가 되지 않을까요?
0,홈페이지에 회원가입을 하면 어떤 혜택이 있습니까?
3,세금 계산서 발행이 가능한가요?
0,Outlook Express를 이용하시는 분 중 보안메일 첨부 화일을 클릭했을 때 'OE가 사용자의 메일에서 엑세스를 제거한 안전하지 못한 첨부화일'이라는 메시지와 함께 열리지 않습니다.
0,기업/근로자가 펀드 선택/변경할 때 운용관리기관을 꼭 거쳐야 합니까?
3,항공 편명 확인해주세요?
0,대출금리는 어떻게 결정 되나요?
2,주문한 상품은 언제쯤 받을 수 있나요?
3,하나투어마일리지로 국내선항공권을 구입방법
1,스탠드 에어컨 공기청정용 필터 교체 방법
1,휴대폰이 물기나 이물질에 노출될 경우 주의 사항이 궁금해요.
3,결제. 카드 승인 관련한 일반 문의
2,발송완료 알림톡(SMS)을 받았는데  송장 추적이 되지 않아요.
0,수익자 변경 관련 안내 입니다.
3,[기타] 인/아웃 도시가 다른 경우의 예약은 어떻게 하나요?
3,등록한 영문 명 확인하고 싶어요
3,기상악화로 인해 취소는 수수료가 부과되나요?
0,은행ATM을 통해서 보험계약대출을 받았는데 어느 지점인지 확인하고 싶습니다
2,구매확정을 하면 교환/반품을 할 수 없나요?
1,바람이 나오지 않아요.
2,롯데닷컴 배송흐름은 어떻게 되나요?
2,배송중인 상품의 위치는 어떻게 확인하나요?
1,타는 냄새가 나요.
2,상품을 직접 방문하여 수령할 수는 없나요?
3,여권 상 영문 명의 하이픈(-)이나 띄어쓰기 그대로 표기하면 되나요?
1,에어컨에서 [Od] 라는 표시가 나오며 냉방이 안돼요.
2,휴일에도 상품을 받을수 있나요?
3,탑승수속을 위해 언제까지 공항에 가야 하나요?
1,냉기가 안나올때 냄새가 심해져요. 송풍으로 사용 시 냄새가 나요.
3,인솔자와 가이드의 차이점은 무엇인가요?
0,배당금은 어떻게 확인하나요?
2,휴일에도 상품을 받을수 있나요?
1,[안드로이드] 업데이트 후 제품등록시 무한로딩이 발생합니다.
1,LG 페이 서비스 해지는 어떻게 하나요.
1,(폭염)갑자기 냉기가 안나와요.
3,예약금을 낸 후 나머지 잔액은 언제까지 내야 하죠?
3,마일리지로 결제를 하고 싶은데 어디에서 할 수 있을까요?
0,인터넷으로 펀드 거래가 가능한가요?
3,패스 구매후 이용국이 아닌 다른나라를 추가적으로 여행하려고 하면 어떻게 되나요?
3,여권에 이름은 띄어쓰기가 되어 있는데 괜찮나요?
1,LG 360 VR의 렌즈 위치와 초점 조정 방법은 어떻게 되나요?
0,엑셀파일이 올라가지 않습니다. 시스템 에러라고 나옵니다.
0,확정급여형(DB)과 확정기여형(DC) 제도의 차이점은 무엇인가요?
0,당사는 법정관리업체인데 퇴직보험에 가입할 필요가 있습니까?
2,상품을 직접 방문하여 수령할 수는 없나요?
2,롯데닷컴 배송흐름은 어떻게 되나요?
1,실외기가 물에 잠겼는데 사용이 가능한가요.
1,에어컨에서 [Od] 라는 표시가 나오며 냉방이 안돼요.
1,휴대폰 초기화 방법을 알고 계신가요
0,보장이 가능한지 어떻게 확인합니까?
0,단체보험 대상단체에 있어 사업장  직제  직종 등으로 구분되어 있는 경우의 단체소속 여부는 관련법규 등에서 정하는 바에 따른다고 되어 있는데 여기서 관련법규란 어떤 법을 얘기하는 것입니까?
2,취소한 상품이 배송되었습니다. 어떻게 하나요?
2,롯데닷컴 배송흐름은 어떻게 되나요?
1,냉기가 나왔다 안 나왔다 해요.
2,배송이 지연되는 사유가 무엇인가요?
2,상품을 직접 방문하여 수령할 수는 없나요?
2,회원정보를 변경하려 하는데  이미 본인인증을 완료하였는데도 계속해서 본인인증 화면이 나오는 이유는 무엇인가요?
1,[아이폰] 업데이트 후 스마트 씽큐 로그인이 안될 경우
0,제 통장에서 가족계약건 인출되는데 별도로 입금안내를 해줍니까?
1,메시지로 연락처를 상대방과 주고 받으려면 어떻게 하나요?
2,취소한 상품이 배송되었습니다. 어떻게 하나요?
2,배송이 지연되는 사유가 무엇인가요?
0,무배당 보험상품이란 무엇입니까?
3,소아. 유아밀 신청은 어떻게 해야하나요?
0,고지의무를 위반하면 어떻게 되나요?
2,장바구니 담기 후 표시되는 배송비없애기란 무슨 기능인가요?
2,발송완료 알림톡(SMS) 을 받았는데 상품은 언제쯤 받을 수 있는거예요?
3,스파(Spa)
0,부활보험료를 통장해서 바로 인출할 수 있습니까?
1,제품에서 삐삐삐 5회 소리가 나요
0,고객의 성명 or 주민번호가 정정되었습니다.  정정 절차를 알려주십시오.
2,배송이 지연되는 사유가 무엇인가요?
0,대출잔고가 얼마나 됩니까?
2,배송중인 상품의 위치는 어떻게 확인하나요?
3,대기예약 언제까지 기다려야 하나요?
2,롯데닷컴 배송흐름은 어떻게 되나요?
1,G6 게임을 직접 플레이 하지 않을 때 배터리를 절약하고 싶어요.
1,[G6] 휴대폰을 다시 시작(리셋)하는 방법이 궁금해요.
0,부담금은 기업이 전부 부담해야 합니까?
0,퇴직보험에 가입시 회계처리는 어떻게 됩니까?
2,주문한 상품은 언제쯤 받을 수 있나요?
1,LG Hi-Fi Plus에 이어폰 연결 후 동작은 어떻게 되나요?
2,배송중인 상품의 위치는 어떻게 확인하나요?
2,해피머니 상품권은 어떻게 사용하는 건가요?
2,배송이 지연되는 사유가 무엇인가요?
1,에어컨에 코드가 없어요. 코드가 잘렸어요.
2,주문한 상품은 언제쯤 받을 수 있나요?
3,항공권 결제는 어떻게 하나요?
0,병원발급 구비서류는 사본은 불가합니까?
0,유니버설 기능이란 무엇입니까?
2,여러가지 상품의 주문 시 묶음배송이 가능한가요?
0,우수(보험)고객신용대출을 받으면 관련 보험은 해지가 불가능한가요?
0,특별계정이 뭔가요?
3,아동요금과 유아요금은 어떤 기준으로 적용 되나요?
0,실효되고 입원(수술)했었는데 부활할 수 있습니까?
3,로그인하지 않고 예약 또는 발권할 수 있나요?
3,[결제수정 및 문의] 항공권 결제는 언제 해야 하나요?
2,아이핀(i-PIN)인증이란 무엇인가요?
2,롯데닷컴 배송흐름은 어떻게 되나요?
2,취소한 상품이 배송되었습니다. 어떻게 하나요?
2,배송이 지연되는 사유가 무엇인가요?
3,스위스 패스로 이용가능한 열차는 무엇인가요?
3,공항지점에서 차량 픽업 예정입니다. 픽업시각은 어떻게 정해야 하나요?
3,[유럽]유레일 패스는 좌석이 예약되어 있나요?
1,바람 나오는 날개 근처에 물방울이 맺혀요. 한방울씩 떨어져요.
1,USIM 카드 비밀번호 설정 방법이 궁금하세요?
2,발송완료 알림톡(SMS)을 받았는데  송장 추적이 되지 않아요.
1,휴대폰 발열이 있나요
1,LG 페이 카드 결제 비밀번호는 안전한가요.
2,상품을 직접 방문하여 수령할 수는 없나요?
0,개인연금보험의 소득공제 가능여부를 알려주십시오.
2,발송완료 알림톡(SMS)을 받았는데  송장 추적이 되지 않아요.
3,기상 악화로 인해 항공편 결항이 발생한 경우 자동 환불이 되나요?
2,취소한 상품이 배송되었습니다. 어떻게 하나요?
1,G6 정품 퀵커버에서 사용할 수 있는 기능은 무엇인가요
1,ATM 계좌를 등록하고 싶습니다.
0,교보바로받는신용대출은 어떻게 이용할 수 있나요?
3,단체 항공은 어떻게 예약 해야 하나요?
3,여러 명 예약한 항공권인데 탑승자 각각 카드로 결제 가능한가요?
3,본인카드 외에 가족카드 또는 타인카드 결제 가능한가요?
3,여행상품 예약은 어떻게 하나요 ?
2,발송완료 알림톡(SMS) 을 받았는데 상품은 언제쯤 받을 수 있는거예요?
3,이름변경이 가능한가요?
3,[중동] 한국의 전자제품을 가져가 사용할 수 있나요?
2,발송완료 알림톡(SMS) 을 받았는데 상품은 언제쯤 받을 수 있는거예요?
1,(듀얼)필터 청소는 어떻게 하나요.
1,(난방) 실외기에 성에가 껴요.
0,퇴직연금에도 퇴직금 중간정산제와 같이 근로자가 목돈을 필요로 할 때 사용할 수 있는 제도가 있나요?
2,취소한 상품이 배송되었습니다. 어떻게 하나요?
3,대한항공 예약했는데 결제하면 인증 확인전화 오는 것이 맞나요?
2,취소한 상품이 배송되었습니다. 어떻게 하나요?
2,배송중인 상품의 위치는 어떻게 확인하나요?
3,예약시 여권유효기간은 얼마나 남아 있어야 하나요?
3,9석 이상 예약하려면 어떻게 해야 하나요?
1,엘지제품에도 오존이 발생하나요.
2,휴일에도 상품을 받을수 있나요?
2,회원정보와 관련된 피해를 입었을 경우엔 어떻게 하나요?
2,취소한 상품이 배송되었습니다. 어떻게 하나요?
1,V30에서 고음질 녹음시 배경 음악 없이 원음만 녹음하려면 어떻게 하나요.
1,V35의 Google Lens 기능을 알려주세요.
3,호텔 예약했어요. 공항 픽업 신청이 가능할까요?
3,여행시 여권을 잃어버리면 어떻게 해야하나요 ?
0,부활을 하려면 반드시 내방해야 합니까?
0,모든 사업장에서 강제로 퇴직연금제도를 실시해야 하나요?
2,롯데닷컴 배송흐름은 어떻게 되나요?
0,실손보험에서 간병비도 보장이 되나요?
2,상품을 직접 방문하여 수령할 수는 없나요?
1,난방이 안되고 예열이 오래 걸려요.
0,MY삼성생명 전자금융거래 전용 계좌 변경 방법 안내입니다.
2,가상계좌란 무엇인가요?
1,에어컨 실내기 배수호스로 물이 빠지나요?
3,인터넷에서 예약시 요금결제는 어떻게 하나요?
1,G6 자동 통화 녹음 기능은 어떻게 사용하나요.
1,리모컨이 안돼요.
1,벽걸이 에어컨은 어떻게 청소 하나요.
3,조식 포함으로 예약했는데 확인해 주세요?
2,상품을 직접 방문하여 수령할 수는 없나요?
2,상품을 직접 방문하여 수령할 수는 없나요?
2,등록된 내 정보를 변경하고 싶어요.
3,[요금규정][증빙서류] 증빙서류관련 문의 답변
0,신탁이익에 대한 세금은 어떻게 됩니까?
1,버튼을 눌러도 동작하지 않아요.(공기청정 좌우바람 먼지상태 습도 등)
3,개시가 무엇인가요?
0,스마트 모기지론은 아파트외 단독주택 대출도 신청 가능한가요?
2,발송완료 알림톡(SMS)을 받았는데  송장 추적이 되지 않아요.
2,배송중인 상품의 위치는 어떻게 확인하나요?
2,휴일에도 상품을 받을수 있나요?
3,유아용 카시트/아동용카시트/아동용 부스터카시트 사용방법
2,배송이 지연되는 사유가 무엇인가요?
1,(냉방) 실외기에서 물이 떨어져요.
0,하나의 사업장에서 여러 제도를 동시에 시행할 수 있나요?
2,배송중인 상품의 위치는 어떻게 확인하나요?
0,보험료를 받으러 오지 않아 계약이 실효되면 보장은 어떻게 되나요?
0,확정기여형의 실시가 더 적합한 사업장 또는 근로자는?
2,발송완료 알림톡(SMS) 을 받았는데 상품은 언제쯤 받을 수 있는거예요?
2,상품을 받지 못했는데 발송완료로 표시되는 이유가 뭔가요?
2,상품을 직접 방문하여 수령할 수는 없나요?
0,건강진단결과 거절체로 판정받은 경우 보험에 가입할 수 없는지요?
1,표시창에 HI 가 떠요.
3,예약 진행은 어떻게 되나요?
2,상품을 받지 못했는데 발송완료로 표시되는 이유가 뭔가요?
0,오늘 자동이체일인데 오늘 자동이체 해지(해약)하면 인출되지 않나요?
3,기상악화로 인한 취소는 수수료가 부과되나요?
2,주문한 상품은 언제쯤 받을 수 있나요?
2,발송완료 알림톡(SMS)을 받았는데  송장 추적이 되지 않아요.
2,상품을 받지 못했는데 발송완료로 표시되는 이유가 뭔가요?
1,가스냄새가 나요.
2,주문한 상품은 언제쯤 받을 수 있나요?
0,전화로 보험가입신청을 한 후 보험증권(보험가입증서)과 약관은 언제쯤 받을 수 있습니까?
0,부동산담보대출 현재 금리가 어떻게 됩니까?
3,체크인 시 바우처를 꼭 제시 해야 하나요?
0,한 달 이자가 얼마입니까?
0,주보험대상자와 입원기타시보험금을 받는자가 동일할 경우의 장해보험금 수령 절차
2,롯데닷컴 배송흐름은 어떻게 되나요?
3,해외에서 카드사용시 환율은?
2,휴일에도 상품을 받을수 있나요?
3,TW(티웨이 항공) 항공권 변경/취소 수수료 변경에 대해 알고 싶어요.
0,보험금액을 줄이려고 하는데 보험료 차액이 환불되지 않는 이유는?
3,도착지와 출발지를 다르게하여 예약할 수 있나요?
3,[지중해&유럽] 지중해 유럽 관광상품과는 어떤 차이가 있을까요?
0,중도에 특약을 삭제할 수 있는지요?
0,변액보험 펀드수익률은 어디에서 확인 할 수 있나요?
0,적립식펀드 만기가 도래했습니다. 이 경우 만기일에 자동으로 환매되나요?
1,충격으로 실내기/실외기가 파손 됐어요.
0,이민을 가려는데 보험료를 계속 납부해야 하는지요?
0,자동이체 또는 출금이체동의 등록시 농협계좌는?
1,Q리모트는 어떤 기능인가요.
3,공동운항(코드쉐어)은 무슨뜻인가요?
3,예약은 전화로만 가능한가요?
0,해지(해약)환급금이 적은 이유에 대한 안내입니다.
2,롯데닷컴 배송흐름은 어떻게 되나요?
0,퇴직연금의 급여는 언제 받을 수 있나요?
1,표시창이 자동으로 꺼져요. OF가 뜨면서 화면이 꺼져요.
0,보장자산을 준비하려면 어떻게 해야 합니까?
1,LG 360 VR을 사용해서 유투브 VR 컨텐츠 재생이 안돼요.
3,결제시한 변경 가능할까요?
2,취소한 상품이 배송되었습니다. 어떻게 하나요?
3,여행시 여권유효기간은 얼마나 남아있어야 하나요
2,주문한 상품은 언제쯤 받을 수 있나요?
0,일괄청구 파일 업로드시 오류 관련
2,외국인 회원도 일반 가입과 동일하게 가입 가능한데요. 외국인은 따로 인증을 어떻게 진행하나요?
0,간편비밀번호를 시도하니 재등록하라는 메세지가 나옵니다. 왜 그런가요?
1,난방시 실외기에서 물이 떨어지나요?
2,상품을 직접 방문하여 수령할 수는 없나요?
2,주문한 상품은 언제쯤 받을 수 있나요?
2,부재 중일 경우가 많습니다. 상품을 제 때 받으려면 어떻게 해야 하나요?
3,내일이 출국인데 알짜항공권 E-TKT은 언제 받을수 있나요?
0,이자는 왜 공제하고 지급합니까?(의뢰중  추가대출)
1,휴대폰과 자동차의 Bluetooth 연결이 안돼요.
0,고객사랑서비스는 어떻게 신청할 수 있습니까?
1,Smart ThinQ 연결이 안돼요. 등록실패가 떠요.
1,실외기가 물에 잠겼는데 사용이 가능한가요.
0,근로자가 사용자의 납부에 더하여 추가로 부담할 수 있나요?
2,상품을 직접 방문하여 수령할 수는 없나요?
0,보험증권(보험가입증서) 재발행 신청 방법 입니다.
1,1H 표시가 나타나요.(2H  3H  4H  5H  6H  7H)
3,카드할인 요금으로 예약하였는데 다른카드나 현금으로 결제할 수 있나요?
2,취소한 상품이 배송되었습니다. 어떻게 하나요?
2,취소한 상품이 배송되었습니다. 어떻게 하나요?
0,오늘 청구하면 언제 지급됩니까?
2,예약배송 상품이란 무엇이며 주문 시 언제 받아볼 수 있나요?
2,배송중인 상품의 위치는 어떻게 확인하나요?
0,전화를 통해 보험 가입을 신청하고 계약이 되는 시점은?
2,취소한 상품이 배송되었습니다. 어떻게 하나요?
2,상품을 직접 방문하여 수령할 수는 없나요?
3,항공권 구매시 여행자 보험도 자동으로 가입되는 건가요?
3,좌석 배정은 언제 받을 수 있나요?
0,상속포기를 했어요 사망보험금은 받을 수 있습니까?
0,홈페이지를 통한 신용대출 신청시 유의사항
1,다른 LG 휴대폰에 사진  음악  동영상을 전송하고 싶어요.
0,퇴직보험 가입시 기업측면에서 유리한 점은 무엇입니까?
2,배송이 지연되는 사유가 무엇인가요?
3,공항 면세점 이용시간은?
2,배송이 지연되는 사유가 무엇인가요?
1,실내기 디스플레이에 청정 표시가 깜박거려요.
1,ATM 입출금 기능은 어떻게 사용하나요.
0,공시수익률과 시간가중 수익률 등이 있는데 차이가 무엇입니까?
0,퇴직보험도 가입비율 조정에 의해 100%지급이 가능합니까?
0,보안카드 또는 OTP 기기를 분실했는데 금융거래회원으로 가입할 수 있습니까?
3,환전은 어떻게 해야 되나요?
2,발송완료 알림톡(SMS) 을 받았는데 상품은 언제쯤 받을 수 있는거예요?
3,예약할때 이름과 여권상의 이름이 다른경우  어떻게 해야 하나요?
0,중도보험금을 자동이체통장으로 수령할 수 있는지요?
0,로그인을 했으나 주민등록번호가 인증서소유자와 일치하지 않아 실명확인을 못했다는 메시지가 뜹니다.
2,배송중인 상품의 위치는 어떻게 확인하나요?
0,실손보험에서 양압기 구강내장치(하악전방유도장치)가 보장이 되나요?
2,롯데닷컴 배송흐름은 어떻게 되나요?
3,경유지 및 도착지 비자관련은 어떻게 확인하나요?
2,발송완료 알림톡(SMS)을 받았는데  송장 추적이 되지 않아요.
0,사망시수익자 미지정계약의 사망보험금을 수령하고자 할때 필요한 서류는 무엇인지요?
3,E-Ticket이란?
1,냉방은 되는데 배수 호스에서 물이 나오지 않아요.
0,어제 통장에 잔고가 없어서 미인출 되었는데 오늘 인출할 수 있습니까?
0,간편비밀번호 등록시 입력 오류가 나오는 경우는 어떻게 해야 하나요?
2,입금예정자와 실제 입금자가 다르면 입금확인이 안되나요?
2,주문한 상품은 언제쯤 받을 수 있나요?
1,사용 중 전원이 저절로 꺼져요.
2,휴일에도 상품을 받을수 있나요?
3,환불 규정은 어떻게 되나요?
1,휴대폰 잠금설정은 어떻게 하나요.
2,주문한 상품은 언제쯤 받을 수 있나요?
2,발송완료 알림톡(SMS) 을 받았는데 상품은 언제쯤 받을 수 있는거예요?
1,[냉방] 에어컨에 토출구에서 흰 연기가 나와요. 이슬이 맺혀요.
0,확정급여형(DB)제도와 확정기여형(DC)제도 중 부담금이 더 저렴한 것은 무엇입니까?
3,차량인수시  예약한 운전자정보 다릅니다!
1,스마트 또는 와이파이 모듈을 어디에 꽂나요.
3,패키지 여행시 항공권 upgrade가 가능한가요?
2,상품을 받지 못했는데 발송완료로 표시되는 이유가 뭔가요?
1,기프트팩을 통해서 액정 무상 교체를 선택했었는데 보증기간을 확인할 방법이 없나요?
3,[투어마일리지적립문의] 여행을 다녀온 후에 투어마일리지 적립요청이 가능한가요?
3,스케줄 변경 가능한지 확인해주세요?
3,부대시설(Facilities)
1,배수 호스가 빠졌어요. 찢어졌어요.
0,다건 계약에 대한 중복 보장 여부 안내 입니다.
3,온라인으로만 예약 가능한가요?
0,품질보증 제도에 대한 안내입니다.
3,환불은 어떻게 이뤄지나요?
1,캐시비 앱 동작하기.
2,인터파크 티켓에서 로그인이 되지 않아요.
0,지문인식이 가능한 스마트폰인데  왜 이용 불가로 나오나요?
1,(난방) 실외기가 돌아가지 않아요. 실외기가 늦게 돌아가요.
1,에어컨이 꺼져 있는데 실외기가 돌아가요. 사용하지 않는데 물이 떨어져요.
1,휴대폰의 콘텐츠를 케이블 없이 TV에서 볼 수 있나요.
0,자동이체 인출시 입금안내를 해줍니까?
1,스탠드 에어컨 냉각핀 (냉각기가 아래 부착된 에어컨) 청소 방법이 궁금하세요?
1,PIN코드/PUK코드를 입력 하세요 라는 창이 뜨나요.
2,상품을 받지 못했는데 발송완료로 표시되는 이유가 뭔가요?
2,배송중인 상품의 위치는 어떻게 확인하나요?
1,OTG 기능에 대해 알고 싶어요.
3,특가 요금도 추가적으로 개인신분할인이 가능한가요?
3,[수화물/동승자][기타] 임산부일 경우 비행기 탑승에 제한이 있나요?
0,보험금 자동송금 서비스란?
3,국내선 예약시 사전 좌석배정을 받을 수 있나요?
1,벽걸이 에어컨 시운전 하기
1,LG백업에서 NFC로 휴대폰 데이터 받기
1,토출구 날개가 열리거나 닫힐 때 소리가 나요.
1,실내기 LED 램프가 깜박 거려요.
1,에어컨 내부청소는 어떻게 하나요.(열교환기가 하부에 있는 모델)
3,예약한 항공권의 스케줄을 변경 할 수 있나요?
0,부활보험료를 분할해서 납입할 수 있습니까?
2,주문한 상품은 언제쯤 받을 수 있나요?
1,표시창에 ㄱ  ㄴ 표시가 떠요.
0,근로자 추가부담금 납부한도는 무엇입니까?
3,아시아나항공 혼자 여행하는 어린이 서비스는 어떻게 신청하나요?
0,삼성생명에서는 펀드 온라인 매매가 가능합니까?
1,인버터 에어컨의 월간소비전력은 하루 몇 시간 동안 가동한 수치인가요.
1,LG Hi-Fi Plus에 이어폰 연결 후 동작은 어떻게 되나요?
0,기업담당자 입니다. 보안카드를 분실 / 보안카드 비밀번호 5회 오류 발생했습니다.
3,스케줄이 변경되면 어떻게 알수 있나요?
1,G7의 AR Stickers 사용 방법을 알려 주세요.
2,배송중인 상품의 위치는 어떻게 확인하나요?
0,납입주기변경에 대한 안내 입니다.
2,휴일에도 상품을 받을수 있나요?
2,상품을 직접 방문하여 수령할 수는 없나요?
0,보험료 납입을 잠시 중단하고 싶습니다.
2,상품을 직접 방문하여 수령할 수는 없나요?
1,V30의 음성 인식 잠금 해제 기능은 무엇인가요.
0,자녀(미성년자)계약건은 부모가 신청하면 됩니까?
2,주문한 상품은 언제쯤 받을 수 있나요?
2,발송완료 알림톡(SMS) 을 받았는데 상품은 언제쯤 받을 수 있는거예요?
3,예약시 필수 지참사항
0,신탁상품은 중도(해지)가 가능합니까?
2,장바구니와 찜리스트의 주요 기능과 차이점이 궁금합니다.
0,교보생명 콜센터 및 서비스센터 전화번호 안내
2,상품을 직접 방문하여 수령할 수는 없나요?
3,취소마감일이 지난 예약건을 접수했는데 개런티예약(대기) 는 무슨 뜻인가요?
1,미러링크(MirrorLink) 기능은 무엇인가요.
1,[냉방] 에어컨에 토출구에서 흰 연기가 나와요. 이슬이 맺혀요.
3,성지순례 일정은 주의해야 할 옷차림이 있나요?
2,롯데닷컴 배송흐름은 어떻게 되나요?
0,펀드 매매신청을 하려면 어떻게 해야 하나요?
2,아이디/비밀번호는 어떻게 변경하나요?
0,일괄청구시 계좌번호 체크에서 진행이 되지 않습니다.
3,어린이 혼자 비행기 탑승이 가능한가요?
3,도심공항 서비스가 무엇인가요?
3,온라인상에서 실시간으로 예약할 수 있나요?
2,회원탈퇴 하려고 하니 [오픈마켓 판매자]라고 메세지가 뜨면서 탈퇴가 안됩니다.
3,국내선 항공 예약시 할인석과 일반석의 차이점이 뭔가요?
0,신탁상품을 가입하려면 어떻게 해야합니까?
2,배송이 지연되는 사유가 무엇인가요?
2,취소한 상품이 배송되었습니다. 어떻게 하나요?
1,찬바람만 나와요. 난방 선택이 안돼요.
2,발송완료 알림톡(SMS) 을 받았는데 상품은 언제쯤 받을 수 있는거예요?
0,모바일 창구에서 네트워크 오류가 발생합니다.
2,발송완료 알림톡(SMS)을 받았는데  송장 추적이 되지 않아요.
2,배송중인 상품의 위치는 어떻게 확인하나요?
2,상품을 받지 못했는데 발송완료로 표시되는 이유가 뭔가요?
2,상품을 직접 방문하여 수령할 수는 없나요?
3,모두투어 마일리지를 이용해서 예약 및 발권이 가능한가요?
2,상품을 받지 못했는데 발송완료로 표시되는 이유가 뭔가요?
1,매장에 전시된 모델인데 표시창에 CH05가 떠요.
3,결제 할 항공요금 확인해 주세요?
0,변액보험에 가입해서 매월 보험료를 내고 있는데  주식시장이 계속 안 좋아지는데 어떻게 해야 할까요?
3,비행기탑승할때 귀가 아픈데 좋은방법 없나요?
1,LG 360 VR을 사용해서 유투브 VR 컨텐츠 재생이 안돼요.
3,[보험] 여행자 보험도 포함되어 있나요?
1,새 제품인데 사용 중 냄새가 나요.
3,비동반소아는 나이제한이 어떻게 되나요?
1,기본 구성품과 액세서리는 어디에서 구입 하나요.
3,호텔예약 후에 취소하면 취소료가 부과되나요?
2,발송완료 알림톡(SMS)을 받았는데  송장 추적이 되지 않아요.
1,에어컨의 배관 단열재가 벗겨졌어요.
1,통화 중 사용할 수 있는 기능을 알려 주세요.
1,배수펌프가 작동하지 않아요. 에어컨에서 물이 새요.
2,롯데닷컴 배송흐름은 어떻게 되나요?
1,USB 케이블 연결 및 충전 중에 LG 캠 플러스는 동작을 하나요?
3,귀국일변경 가능한가요?
2,취소한 상품이 배송되었습니다. 어떻게 하나요?
0,모든 기업이 퇴직연금제도를 도입해야 합니까?
0,지문인증을 5회 실패했더니 지문인증 재등록 메시지가 나옵니다. 어떻게 해야 하나요?
0,홈페이지 이용시 시스템 오류 또는 신뢰할 수 없는 서비스라는 메시지가 뜹니다
1,상부 토출구가 열리지 않아요. 닫히지 않아요.
2,회원탈퇴 시 남은 I-포인트/S-Money/할인쿠폰/하트 등은 어떻게 되나요?
0,보험료를 미리 납입하고 싶은데 방문하지 않고 납입하는 방법이 있습니까?
2,상품을 받지 못했는데 발송완료로 표시되는 이유가 뭔가요?
2,주문한 상품은 언제쯤 받을 수 있나요?
0,중도인출에 대해 알려주세요.
2,상품을 직접 방문하여 수령할 수는 없나요?
1,32 bit Hi-Fi DAC이란 무엇인가요?
0,재해사고란 무엇인지요?
1,에어컨에서 냄새가 나는데 어떻게 청소하나요.
1,충격으로 실내기/실외기가 파손 됐어요.
2,상품을 받지 못했는데 발송완료로 표시되는 이유가 뭔가요?
0,퇴직보험은 예금자보호 대상 상품입니까?
3,예약 후 예약한 본인이 아닌 가족이 이용가능한가요?
1,태블릿과 휴대폰을 연결하여 사용하시려고 하시나요?
2,발송완료 알림톡(SMS)을 받았는데  송장 추적이 되지 않아요.
0,보안프로그램 재설치 시 기존에 설치된 보안프로그램 삭제방법을 알고 싶습니다.
2,발송완료 알림톡(SMS) 을 받았는데 상품은 언제쯤 받을 수 있는거예요?
3,선택관광은 꼭 해야 하는건가요?
3,항공권 결제는 어떻게 하나요?
0,드래곤승천주식형을 가입한 고객입니다. 당일 현금출금이 가능합니까?
3,[일본] 도쿄에서 오사카 가는데 JR 패스 얼마짜리 이용해야 하나요?
0,실적배당형 펀드를 선택하면 원금을 손해 볼 수도 있습니까?
1,리모컨이 됐다 안됐다 해요.
2,휴일에도 상품을 받을수 있나요?
3,Cabotage (자국내항공운송권리) 란 무엇인가요?
0,주소가 변경되었습니다. 변경신청해 주십시오.
2,상품을 받기 전일 때에는 배송지 변경이 가능한가요?
3,비행기 연착시 렌터카 예약은 취소되나요?
1,V35 G7의 게임 툴 기능은 무엇인가요.
0,Outlook 하단에 제한된 사이트로 나옵니다.
0,약관  청약서부본  보험가입증서(보험증권)을 전달받지 못했어요.
2,배송이 지연되는 사유가 무엇인가요?
3,예약 한 시점으로 환율 고정 되는 건가요?
1,LG 페이 서비스 해지는 어떻게 하나요.
2,발송완료 알림톡(SMS)을 받았는데  송장 추적이 되지 않아요.
1,(설치 후 처음 사용) 가동 중 멈추면서 NO가 떠요.
2,발송완료 알림톡(SMS) 을 받았는데 상품은 언제쯤 받을 수 있는거예요?
0,근로자 퇴직통지서는 반드시 첨부해야 하는 것입니까?
3,공항세도 항공요금에 포함되나요?
2,휴일에도 상품을 받을수 있나요?
0,DC제도의 경우 사내충당금이 있어  퇴직소득을 지급해야 하는데 이 때  원천징수는 어떻게 해야 합니까?
0,제도도입 후에 DC 부담금 또는 DB 퇴직급여 수준을 변경할 수 있나요?
2,배송이 지연되는 사유가 무엇인가요?
1,에어컨 가동 중 떨리는 소음이 나요.
2,휴일에도 상품을 받을수 있나요?
2,발송완료 알림톡(SMS) 을 받았는데 상품은 언제쯤 받을 수 있는거예요?
1,난간에 설치된 실외기 소음이 커졌어요. 실외기가 떨려요.
2,취소한 상품이 배송되었습니다. 어떻게 하나요?
3,결제하려고 하는데 요금이 안나옵니다.
0,제 통장에서 인출되는 가족계약건에 대하여 현재까지 납입횟수 납입기간을 알고 싶은데요?
3,결제시한 마감으로 예약과 동시에 결제 예약건 취소 시 약관대로 수수료 부과되나요?
3,예정보다 빨리 돌아오게 됐는데 남은 기간의 호텔료 환불이 가능한가요?
3,[일본][규슈] JR 레일패스의 교환방법과 이용방법에 대해서 알려주세요.
1,통화 중 화면이 안 켜지나요.
2,롯데닷컴 배송흐름은 어떻게 되나요?
1,[G6] 젠더를 이용해 충전하면 충전 속도가 느려요.
0,보험료를 자동이체로 납입할 경우 입금여부에 대해 안내를 해주나요?
3,항공권요금에 추가로 붙는 세금(tax)과 유류할증료란 무엇인가요?
1,분실이나 도난에 대비해 휴대폰 데이터를 보호할 수 있나요.
2,취소한 상품이 배송되었습니다. 어떻게 하나요?
0,보험기간  납입기간을 변경신청 안내 입니다.
3,예약번호를 잊어버렸습니다. 어떻게 확인하나요?
2,발송완료 알림톡(SMS) 을 받았는데 상품은 언제쯤 받을 수 있는거예요?
0,한의원.한방병원.양한방협진병원의 한의사가 치료목적으로 비급여 첩약을 처방받았습니다. 실손보장이 가능한가요?
2,발송완료 알림톡(SMS) 을 받았는데 상품은 언제쯤 받을 수 있는거예요?
3,오픈티켓으로 예약 가능한가요?
2,휴일에도 상품을 받을수 있나요?
3,[기타] 중복(이중)예약하면 어떻게 되나여?
2,교환을 할 경우 상품을 보내고 다시 받는 택배 비용은 누가 부담하나요?
0,개인사업자의 대표자는 퇴직연금 가입이 안됩니까?
3,결제완료되었는지 확인해주세요?
3,[미결제 표기] 발권까지 완료되었다고 하는데 미결제라고 보입니다.
0,변액상품은 이틀후에 지급해 주는데 왜 그런거예요?
1,휴대폰 최적화 방법 및 관리방법을 알고 계신가요
3,결제 후 바우처 없이 체크인이 가능한가요?
1,V35. G7의 HDR10 형식으로 저장 기능은 무엇인가요.
3,E-TKT 발행이면 공항에는 무엇을 가지고 가면 되나요?
1,[난방] 가동 중 멈추고 예열 또는 제상 표시가 나타나요.
0,우량체 할인이란 무엇입니까?
3,결제는 언제까지 해야 하나요?
2,발송완료 알림톡(SMS) 을 받았는데 상품은 언제쯤 받을 수 있는거예요?
2,각 결제수단별 환불 날짜를 자세히 알고 싶어요.
0,확정급여형의 실시가 더 적합한 사업장 또는 근로자는?
0,한방병원 진료비도 실손의료비보장특약에서 보장이 가능한가요?
1,변경된 잠금 해제 방식을 알려 주세요.
2,상품을 받지 못했는데 발송완료로 표시되는 이유가 뭔가요?
2,발송완료 알림톡(SMS)을 받았는데  송장 추적이 되지 않아요.
3,예약을 했는데 이름이나 출발일  출발 시간 등을 변경 할 수 있나요?
2,비밀번호를 잊어버린 경우 어떻게 확인 하나요?
0,중간정산과 퇴직보험의 관계는 어떻게 됩니까?
0,지급청구시 계좌체크가 너무 오래 걸립니다. 에러 아닙니까?
1,휴대폰에서도 LG 360 VR 콘텐츠를 볼 수 있나요?
3,항공권 결제는 어떻게 하나요?
2,발송완료 알림톡(SMS) 을 받았는데 상품은 언제쯤 받을 수 있는거예요?
1,제품 사용 전 확인사항
0,이메일(자동이체 입금안내 등) 서비스를 신청합니다.
2,발송완료 알림톡(SMS)을 받았는데  송장 추적이 되지 않아요.
2,휴일에도 상품을 받을수 있나요?
0,지급예정일을 지정하고 싶습니다.
1,통화 기록에 문자메시지 아이콘 없음
2,이달의 무이자할부 카드를 모두 알려주세요!
0,보험관련 안내장 우편물 수령지를 변경하고 싶습니다.
3,좌석 상태 확인해 주세요?
0,펀드 환매시 원금에 대해 손실이 발생하였는데 세금을 원천징수 하는 이유는 무엇인가요?
1,실외기에 바람막이/ 가이드를 설치하고 싶어요.
3,호텔비용 결제는 언제  어디서 하나요?
1,모든 전화 수신이 안되나요.
3,국내선 항공권의 취소방법과 수수료는 어떻게 되나요?
2,장바구니와 찜리스트에 담은 상품은 어디서 확인가능한가요?
1,실내기 디스플레이에 청정 표시가 깜박거려요.
0,보험료납입증명서의 발행방법을 알려 주십시오.
1,비가 오면 에어컨에서 물이 새요.
0,상환하는 방법을 알려주십시오
0,삼성생명에 계약사항이 없는데 SMS가 발송되었는데요?
3,[결제시한연장] 결제 시한 연장관련 문의 답변
1,겨울철 에어컨 강제운전 방법을 알려주세요.
1,스마트/와이파이 모듈을 구입했는데 어디에 꽂나요.
2,롯데닷컴 배송흐름은 어떻게 되나요?
1,마이크 3개가 기존 2개에 비해 무엇이 다른지요 ?
1,V35의 Sidelight 기능은 무엇인가요.
2,공인인증서를 발급 받으려면 어떻게 해야 하나요?
3,국내선 항공요금안내
3,현지에서 옵션 가격 지불할 때 카드를 사용할 수 있나요? 현금으로 지불해야 한다면 현지통화를 준비해야 하는건지 달러로 지불하여야 하는건지 궁금합니다.
2,아이디를 잊어버린 경우 어떻게 확인 하나요?
3,[투어마일리지] 투어마일리지란 무엇인가요?
1,슬로모션 촬영 영상 포토(Google)앱에서 슬로모션 재생이 안되는 경우
2,발송완료 알림톡(SMS) 을 받았는데 상품은 언제쯤 받을 수 있는거예요?
2,상품을 직접 방문하여 수령할 수는 없나요?
1,에어컨을 만지면 전기가 흘러요.
2,배송중인 상품의 위치는 어떻게 확인하나요?
1,카메라앨범잠금 설정및 해제방법이 궁금합니다.
0,확정급여형(DB)과 확정기여형(DC) 제도의 차이점은 무엇인가요?
3,[여권/마일리지/체류지 정보] 여권/마일리지/체류지 일반적인 답변
1,스마트/와이파이 모듈을 구입했는데 어디에 꽂나요.
3,[인보이스] 인보이스관련 문의 답변
1,액정이 깨져 화면 터치가 안되나요?
3,POOL VIEW가 어떤 객실가요?
3,단수여권 소지 고객님은 중국 심천 입국시 주의해주세요!
0,한 회사에서 근로자가 DB제도와 DC제도 중 선택할 수는 없습니까?
2,주문한 상품은 언제쯤 받을 수 있나요?
3,여행 다녀와서 하나투어마일리지클럽 회원 가입해도 하나투어마일리지 적립 받을 수 있나요?
0,예정이율이란?
3,[일본] JR패스를 발권 받고 싶습니다만 수령할 시간이 없는데 현지에서 발급되나요?
2,배송이 지연되는 사유가 무엇인가요?
3,[일본] JR 레일패스의 구입 자격조건은 어떠한가요?
2,주문한 상품은 언제쯤 받을 수 있나요?
1,기프트팩 앱(기본 앱) 설치는 어떻게 하나요.
1,전원이 켜지지 않아요.
3,예약 시 출.도착 스케줄은 어느나라 시간인가요?
1,[아이폰] 업데이트 후 스마트 씽큐 로그인이 안될 경우
0,하나의 사업장에서 여러 제도를 동시에 시행할 수 있나요?
3,[수화물/동승자][기타] 2살 미만의 유아가 기내의 아기 바구니 사용가능한가요?
2,주문한 상품은 언제쯤 받을 수 있나요?
0,퇴직보험금 청구에는 어떤 방법들이 있나요?
2,주문하지 않은 물건이 발송되었다고 문자메시지가 옵니다. 어떻게 해야 하나요?
2,취소한 상품이 배송되었습니다. 어떻게 하나요?
2,주문한 상품은 언제쯤 받을 수 있나요?
1,실외기는 눈 / 비를 맞아도 되나요.
2,배송이 지연되는 사유가 무엇인가요?
2,상품별 배송비에 대해 자세히 알고 싶어요.
0,금일 오전에 퇴직급여 신청을 하였습니다. 언제 지급이 됩니까?
0,과거분까지 퇴직연금제도를 적용하려면 부담이 너무 크지 않습니까?
1,에어컨의 토출구가 올라가지 않아요. 날개가 열리지 않아요.
1,투인원 벽걸이만 냉기가 나오지 않아요.
2,휴일에도 상품을 받을수 있나요?
2,상품을 받지 못했는데 발송완료로 표시되는 이유가 뭔가요?
3,알짜항공권 출발미확정. TAX미확정이면 어떻게 하나요?
1,에어컨 공기청정기 냄새 및 먼지 센서 동작이 안되는 것 같아요.
0,신탁계약 만기일에 출금은 어떻게 합니까?
0,적립식 펀드에 대해 알고 싶습니다.
0,보험금청구서는 왜 보험대상자가 작성해야합니까? 방문하는사람이 작성하면 안됩니까?
1,V35의 Google Lens 기능을 알려주세요.
3,[지중해&유럽] 유럽에서 다양한 국가를 방문하는데 국경 통과마다 입국심사를 하나요?
0,보험료의 납입을 일시적으로 중단할 수 있는지요?
0,회사에 지문정보가 저장되나요?
0,부활보험료를 카드로 납입할 수 있습니까?
2,상품을 받지 못했는데 발송완료로 표시되는 이유가 뭔가요?
1,스마트 배터리 기능은 무엇인가요?
3,패키지 상품으로 여행을 갈때 현지 가이드를 지정하고 출발할 수 있나요?
3,취소/변경 절차는 어떻게 되나요?
0,보안카드(또는 OTP카드)를 발급 받았는데요  변액보험 펀드변경은 어떻게 하나요?
2,체크(직불)카드로 주문/결제 후 반품했는데 환불은 언제되나요?
3,[수화물/동승자][기타] 어린이 혼자 비행기 탑승이 가능한가요?
3,해외출발 항공권도 예약 가능한가요?
1,메모리 사용량을 알고 싶어요.
1,[폭염] 갑자기 냉기가 약해졌어요. 냉기가 안 나와요
3,[중동] 이스라엘 입국 시 다른 중동지역 국가 입국에 제한을 받지 않나요?
3,서비스 수수료는 무엇인가요?
0,해지(해약) 절차를 안내해 주십시오.
3,인솔자 동행 미정이라고 되어있는데 몇 명부터 동행인가요?
0,퇴직연금제도가 도입되면  현행 퇴직금 제도는 없어지는 건가요?
0,내가 가입한 연금계약의 예상 연금액이 궁금한데 어디서 확인할 수 있나요?
0,퇴직급여를 연금으로 받고 싶은데 연금수급요건을 충족하지 못한다고 합니다.
2,발송완료 알림톡(SMS)을 받았는데  송장 추적이 되지 않아요.
0,기업체가 부도후 퇴직금청구서 작성시 명판 및 인감은 ...
3,현지에서 항공권 분실시 재발권이 가능한가요?
2,배송중인 상품의 위치는 어떻게 확인하나요?
0,노사합의와 의견청취는 무엇입니까?
0,인터넷전용보험(다이렉트보험)과 일반(방문판매용)보험의 차이점은 무엇인가요?
1,스탠드 에어컨 난방이 약한가요
1,G5 고속충전 기능을 지원하나요.
0,아이디 또는 비밀번호가 생각나지 않습니다.
2,취소요청한 상품이 발송되었다는 문자메시지가 왔습니다. 왜 그런가요?
1,실외기에 바람막이 / 가이드를 설치하고 싶어요.
0,휴대폰 인증서비스란 무엇입니까?
1,iOS 휴대폰에서 G5로 데이터 이동은 어떻게 하나요?
1,에어컨에서 물 흐르는 소리가 나요.
2,롯데닷컴 배송흐름은 어떻게 되나요?
1,휴대폰 발열이 있어요
1,임피던스가 높거나 낮다는건 어떤 의미인가요?
3,예약조회를 하고싶습니다.
2,비회원도 주문정보를 확인할 수 있나요?
1,냉방은 되는데 배수 호스에서 물이 나오지 않아요.
0,홈페이지를 통해 아파트 담보대출(스마트 모기지론)을 신청하려면 회원가입조건은?
2,취소/반품했는데 신용카드 청구서에 금액이 청구되었어요.
0,외국에서 사고가 났어요 보장가능합니까?
1,G7의 화면 밝기를 100%보다 더 밝게 설정하고 싶어요.
0,사고 보험금 방문지급 서비스 제도 입니다.
2,롯데닷컴 배송흐름은 어떻게 되나요?
0,적립식으로 가입한 상품의 저축기간을 연장할 수 있나요?
0,개인퇴직연금 가입자는 어떻게 로그인 합니까?
0,변액보험 펀드선택에 관해 추천받고 싶습니다.
1,휴대폰이 꺼진 채로 충전하면 자동으로 전원이 켜져요.
3,탑승자 변경 가능한가요?
3,여행동반자의 하나투어마일리지를 한 사람에게 모을 수 있나요?
1,[G5] 통화 또는 데이터 서비스가 잘 안되면 어떻게 하나요.
3,체크인 & 체크아웃 시간이 어떻게 되나요?
3,일반석운임과 특가운임의 차이점은 무엇인가요?
2,발송완료 알림톡(SMS) 을 받았는데 상품은 언제쯤 받을 수 있는거예요?
0,정상이자와 상환이자는 어떻게 다릅니까?
2,발송완료 알림톡(SMS) 을 받았는데 상품은 언제쯤 받을 수 있는거예요?
2,발송완료 알림톡(SMS) 을 받았는데 상품은 언제쯤 받을 수 있는거예요?
1,갑자기 에어컨에서 불쾌한 냄새가 나요.
3,[기타] 유효기간은 연장할 수 있나요?
2,상품을 직접 방문하여 수령할 수는 없나요?
2,주문한 상품은 언제쯤 받을 수 있나요?
1,[난방] 가동 중 멈추고 예열 또는 제상 표시가 나타나요.
3,현금 영수증 발행 가능한가요?
2,발송완료 알림톡(SMS)을 받았는데  송장 추적이 되지 않아요.
3,결제를 했는데 현지에서 또 지불 할 게 있나요?
2,롯데닷컴 배송흐름은 어떻게 되나요?
2,상품을 직접 방문하여 수령할 수는 없나요?
1,[G6] 휴대폰을 다시 시작(리셋)하는 방법이 궁금해요.
2,롯데닷컴 배송흐름은 어떻게 되나요?
0,운용관리계약을 복수로 체결할 수 있습니까?
1,특정 전화번호만 수신이 되지 않아요.
3,미성년자인데 콘도이용이 가능한가요?
1,해외 휴대폰으로 국내 이동통신사 개통이 가능한가요?
2,주문한 상품의 내용물 (사은품/증정품/부속품)이 일부 빠진 채 배송되었어요.
2,휴일에도 상품을 받을수 있나요?
0,퇴직보험 운영시 추계액이 필요한 이유는 무엇입니까?
3,[발권]국제선 항공료에 1개월짜리 3개월짜리 15일짜리 등의 운임이 있던데 차이가 무엇인가요?
3,객실을 미리 배정 받고 싶은데 가능한가요?
1,에어컨 코드가 뜨거워요.
1,에어컨 부품을 택배로 받아볼 수 있나요.
3,예약을 변경/취소 하고 싶습니다
0,금일 상품(펀드)변경을 했습니다. 적용은 실시간으로 되는 것입니까? 완료 일정은 어떻게 됩니까?
1,에어컨에서 고주파음이 나요.(삐~)
1,일반폰 사용 중  멈췄나요.
2,발송완료 알림톡(SMS)을 받았는데  송장 추적이 되지 않아요.
1,메세지 스팸 설정은 어떻게 하나요?
3,[일본][규슈] 산큐패스의 구입 자격조건은 어떠한가요?
2,회수된 상품의 반송장번호를 분실했을 경우 확인이 가능한 다른 방법은 없나요?
1,실내기 버튼을 눌러도 표시창이 켜지지 않아요.
2,롯데닷컴 배송흐름은 어떻게 되나요?
2,전화로도 주문할 수 있나요?
0,「나의 계약」 세부 메뉴별 이용시간 안내
1,음성을 녹음한 장소나 일정 정보를 메모하고 싶어요.
1,G7 상태표시줄에 표시된 알림 아이콘을 숨기고 싶어요.
0,신탁상품은 예금자보호 대상입니까?
0,보험금청구는 어떻게 합니까?
0,거래내역조회시 '분배금지급' 이라고 조회되는 것은 무엇인가요?
1,스탠드 에어컨 난방이 약한가요
3,군 미필자입니다. 해외여행 갈 수 있습니까?
3,취소되었는지 확인해 주세요?
1,최근 구입한 제품인데 냄새가 나요.
0,타사에 실손의료보험이 중복가입 되어 있습니다. 보험금 청구를 하려고 하는데 당사에만 청구하여도 되나요?
2,상품을 직접 방문하여 수령할 수는 없나요?
2,상품을 직접 방문하여 수령할 수는 없나요?
0,오래전에 가입한 것 같은데 아이디가 없다고 나옵니다.
2,주문한 상품은 언제쯤 받을 수 있나요?
3,조식은 모두 포함인가요?
1,국내에서 구입한 에어컨을 해외에서 사용해도 되나요.
3,패키지여행이란 무엇인가요?
2,배송이 지연되는 사유가 무엇인가요?
0,고객사랑서비스 대상자에 선정되어 SMS로 서비스신청번호를 받았는데 분실했습니다. 어떻게 신청할 수 있습니까?
1,(난방) 실외기에 성에가 껴요.
0,부활시에도 자필서명이 필요합니까?
0,10인 미만 기업에서 퇴직연금을 도입할 때  IRA 기업형과 DC제도의 차이점은 무엇입니까?
1,G7 상태표시줄에 표시된 알림 아이콘을 숨기고 싶어요.
2,반품 시 택배사 이용 방법에 대해 자세히 알고 싶어요.
1,비디오 전문가 모드로 촬영 시 마이크 설정은 어떻게 하나요?
0,암 진단자금 및 수술급여금을 받은 후 암이 추가 발병한 경우?
0,리얼타임으로 보험료 납입해도 보험료 할인이 있습니까?
1,OTG 기능에 대해 알고 싶어요.
0,보험증권(보험가입증서) 재발행 신청 방법 입니다.
3,예약후 예약확인서를 받지 못했습니다.
2,휴면회원이 뭐예요? 그리고 해제방법이 어떻게 되나요?
0,피보험단체에서 단체에 소속된 자의 전부란 무슨 의미입니까?
3,유류할증료가 무엇인가요?
3,카드결제 취소를 했는데 내역은 어디서 확인하면 되나요?
2,상품을 직접 방문하여 수령할 수는 없나요?
1,투인원(2in1) 에어컨의 분해 청소가 가능한가요.
2,배송중인 상품의 위치는 어떻게 확인하나요?
1,스탠드 에어컨 시운전 방법
0,기존의 계약을 해지하지 않고 계약을 전환이 가능한지요?
3,세 명이 여행할 경우 함께 방을 쓸 수 있나요? 아니면 방을 두개 써야 하나요?
3,객실 이용 팁&에티켓
2,롯데닷컴 배송흐름은 어떻게 되나요?
3,임산부를 위한 항공 탑승 규정
1,투인원에어컨을 동시에 가동하면 능력이 떨어지나요.
2,취소한 상품이 배송되었습니다. 어떻게 하나요?
0,삼성생명에서도 펀드를 가입할 수 있습니까?
3,항공권 현금결제 하고싶어요.계좌번호는 어떻게 되죠?
3,당일 투숙 예약은 가능한가요? 가능하면 몇시까지 가능한가요?
2,발송완료 알림톡(SMS)을 받았는데  송장 추적이 되지 않아요.
2,발송완료 알림톡(SMS)을 받았는데  송장 추적이 되지 않아요.
2,상품을 받지 못했는데 발송완료로 표시되는 이유가 뭔가요?
3,애완동물 동반시 필요한 서류가 있나요?
3,신용카드 결제후. 다른카드로 변경할수 있나요?
0,기존 공인인증서(암호입력 방식)로 로그인한 경우 지문인증으로 보험 거래를 할 수 있나요?
0,대출만기가 되었는데  만기연장이 가능한가요?
3,신용카드 결제후 다른카드로 변경할수 있나요?
1,휴대폰 화면을 케이블 없이 TV에서 볼 수 있나요.
0,금융거래회원과 웹회원의 차이점은 무엇인가요?
2,상품을 직접 방문하여 수령할 수는 없나요?
3,리조트 객실 용어사전
3,직항과 경유는 어떻게 다른 건가요?
3,[일본][규슈] 산큐패스란 무엇인가요?
3,렌터카 투어마일리지 적립및 결제가 가능한가요?
1,더욱 다양한 카메라 모드를 이용하고 싶어요.
2,발송완료 알림톡(SMS)을 받았는데  송장 추적이 되지 않아요.
2,상품을 직접 방문하여 수령할 수는 없나요?
2,배송이 지연되는 사유가 무엇인가요?
2,발송완료 알림톡(SMS)을 받았는데  송장 추적이 되지 않아요.
2,주문한 상품은 언제쯤 받을 수 있나요?
0,제도도입 후에 DC 부담금 또는 DB 퇴직급여 수준을 변경할 수 있습니까?
0,보험료는 언제까지 납입해야 합니까?
1,G6 휴대폰에 물이 들어갔어요.
1,V35  G7의 전화 수신 시 플래시 기능을 알려주세요.
1,SD 카드 인식이 잘 안되고 촬영한 사진이 깨져서 보여요.
1,에어컨에 코드가 없어요. 코드가 잘렸어요.
2,상품을 받지 못했는데 발송완료로 표시되는 이유가 뭔가요?
2,배송이 지연되는 사유가 무엇인가요?
3,출발과 도착지를 변경하고 싶은데 어떻게 해야되나요?
0,방카슈랑스 제도에 대해 알려 주십시오.
3,[지중해&유럽] 한국의 전자제품을 가져가 사용할 수 있나요?
0,거래 비밀번호가 기억나지 않습니다.
0,퇴직연금제도가 도입되면 퇴직보험은 어떻게 됩니까?
0,계약자를 바꾸고 싶습니다. 계약자 변경 절차를 알려 주십시오.
0,MY삼성생명에서 보험료 납입방법을 알려주십시오.
2,주문한 상품은 설치가 필요한 상품입니다. 설치는 언제 되나요?
2,배송이 지연되는 사유가 무엇인가요?
1,에어컨 부품을 택배로 받아볼 수 있나요.
1,버튼을 눌러도 동작하지 않아요.(공기청정 좌우바람 먼지상태 습도 등)
0,인터넷에서 펀드 신규가입 및 매수/환매등 이용시간은 어떻게 되나요?
2,취소한 상품이 배송되었습니다. 어떻게 하나요?
0,개인연금 계약이전 이란 무엇이며  어떻게 처리됩니까?
3,취소는 어떻게 해야되나요?
0,근로자가 사용자의 납부에 더하여 추가로 부담할 수 있나요?
2,롯데닷컴 배송흐름은 어떻게 되나요?
3,예약이 대기로 되어있습니다. 언제 확정이 될까요?
1,에어컨 가스는 얼마 만에 한 번씩 주입하나요. 가스 넣을 때가 된 것 같아요.
3,카드영수증은 어디서 출력 할수 있어요?
3,패키지여행이 끝나고 현지에서 돌아오는 날짜를 변경할수있나요?
3,하와이도 비자가 필요한가요?
2,취소한 상품이 배송되었습니다. 어떻게 하나요?
2,상품을 받지 못했는데 발송완료로 표시되는 이유가 뭔가요?
0,확정급여형 퇴직연금에 있어서 사용자가 매년 적립해야 할 의무금액은 얼마인가요?
2,배송비를 미리 지불했는데 택배 기사가 또 배송비를 요구하였습니다. 어떻게 해야 하나요?
0,치아를 발치하고 임플란트를 하기 위해서는 치아골이식도 해야 한다고 합니다. 이 경우 실손보장이 가능한가요?
3,국내선 항공티켓은 어디서 받을 수 있나요?
2,롯데닷컴 배송흐름은 어떻게 되나요?
0,보험대상자 사망시 수익자가 미지정된경우(법정상속인) 상속순위가 어떻게 되는지요?
2,휴일에도 상품을 받을수 있나요?
3,항공권 예약 후 취소하면 취소 수수료가 발생하나요?
3,결제를 호텔에서 해도 되나요?
3,원래 일정보다 빨리 돌아오게 됐는데 남은 기간의 객실요금 환불되나요?
1,필터의 교체시기/구입방법이 궁금해요.
0,퇴직보험에 가입했다면 신규입사자도 퇴직보험에 가입할 수 있습니까?
0,선취판매수수료에 대해 현금영수증으로 발급 받을 수 있나요?
1,G6 카메라 일반 모드에서 화면 노출을 조절하려면 어떻게 하나요.
1,V35 G7 Q링크 기능은 무엇인가요.
2,배송이 지연되는 사유가 무엇인가요?
3,[중동] 환전은 어떻게 얼마나 해야 할까요?
3,상품 검색을 어떻게 해야 하나요?
3,현지에서 다급하면 어디로 연락하면 되나요?
1,냉기가 안나올때 냄새가 심해져요. 송풍으로 사용 시 냄새가 나요.
0,연금으로 선택할 수 있는 자격요건이 있나요?
1,PIN코드/PUK코드를 입력 하세요 라는 창이 뜨나요.
1,에어컨 내부청소는 어떻게 하나요.(열교환기가 상부에 있는 모델)
1,OTG 젠더를 사용해서 신규 휴대폰으로 데이터 이동은 어떻게 하나요.
3,정확한 비행시간이 궁금합니다.
1,내장형 배터리와 방수기능 적용으로 발열에 안전한가요.
1,(난방) 실외기에 성에가 껴요.
1,휴대폰에 물기나 이물질이 들어갔어요.
0,「나의 계약」 장애시 조치방법 안내(보안프로그램 설치)
0,생보사에 가입시 은행보다 유리한 점은 무엇입니까?
0,부활시에도 자필서명이 필요합니까?
1,Smart ThinQ/ 와이파이 모듈은 어떻게 등록하나요.
0,신설법인등 종업원 근속년수가 1년미만이라 퇴직금발생분이...
1,에어컨에서 물이 떨어져요.
2,발송완료 알림톡(SMS) 을 받았는데 상품은 언제쯤 받을 수 있는거예요?
0,질병으로 입원시 '진료비세부내역서'를 추가로 첨부하라고 하는데  진료비세부내역서가 무엇인가?
0,보험계약대출 절차 및 서류 안내 입니다.
3,[대기예약문의] 대기 마감은 어떤 상태인가요?
0,전화로/사이버 신용대출을 원리금 균등상환형으로 신청했는데  이자만 빠진 이유가 무엇입니까?
3,카드결제한 금액의 승인을 취소하고 싶은데요?
1,필터 청소는 어떻게 하나요
0,2011년 이후에도 퇴직보험계약을 유지하고 있으면 적립금은 어떻게 됩니까?
3,트윈베드로 신청했는데 잘 신청되어 있나요?
0,보험료 합산 자동이체 안내 입니다.
0,「나의 계약」 간편조회 이용 안내
0,공인인증서 비밀번호 입력 후 화면이 진행이 되지 않습니다.
1,LG 캠 플러스는 무엇인가요?
0,사이버신용대출금은 어느계좌로  언제쯤 입금 됩니까?
1,V35 G7 V30 Q보이스 사용 방법을 알고 싶어요.
2,휴대폰 결제 방법은 어떻게 되나요?
0,자동재배분이란 무엇입니까?
1,에어컨을 가동해도 냉기도 없고 배수 호스에서 물도 안 나와요.
2,고객부담배송비란 무엇인가요?
0,근로자의 자율적인 추가각출이 허용된다면 한도는 얼마인가요?
3,[영수증] 영수증관련 문의 답변
1,V35 G7 갤러리에서 태그 기능을 어떻게 활용할 수 있나요.
1,휴대폰을 물에 빠뜨렸어요. (침수)
2,휴일에도 상품을 받을수 있나요?
1,해외 휴대폰을 국내에서 로밍 서비스로 사용할 수 있나요?
3,탑승 수속은 어떻게 하나요?
0,삼성생명 홈페이지 금융거래서비스에서는 어떤 서비스를 이용할 수 있습니까?
1,에어컨에서 물 흐르는 소리가 나요.
3,여행하는데 VISA가 꼭 필요한가요?
1,배수 호스가 빠졌어요. 찢어졌어요.
0,퇴직보험 가입 및 전환시 기업회계상 이점은 무엇입니까?
3,[비자] 제가 가는 목적지에 비자가 필요한가요?
1,에어컨 사용 시 디스플레이 표시창에 알파벳 표시가 나타나요. [기능표시: AI / HI / LO / SC / CO ]
0,배우자(or 가족) 통장으로도 보험료 즉시 인출 가능합니까?
0,삼성생명에서 가입한 삼성우량주장기주식Class-A 펀드를 삼성증권에서 환매신청할 수 있습니까?
3,예약완료 후 결제는 어디서 어떻게 하나요?
2,실시간 계좌이체가 무엇인가요?
3,호텔 멤버로 가입되어 있는데 마일리지 적립이 가능할까요?
1,실내기 LED 램프가 깜박 거려요.
3,[기타] 세금계산서 발행이 가능 한가요?
3,가이드 경비는 어떻게 지불하나요?
1,배관 테이프 / 단열재가 벗겨졌어요.
3,성지순레 여행지 중 비자를 필요로 하는 나라가 있나요?
3,[유럽]열차 좌석예약은 어떻게 하면 되나요?
2,배송중인 상품의 위치는 어떻게 확인하나요?
3,장거리비행인경우  기내에서 간단히 취할수있는 건강법은 없을까요?
1,(난방) 실외기에 성에가 껴요.
0,개별 사업장에서 퇴직연금제도를 실시한다면 실시이전에 근무한 기간에 대해서는 어떻게 처리하나요?
0,퇴직연금제도로 전환하면 좋은 점은 무엇입니까?
0,만기시 연장을 하려면 어떻게 해야 됩니까?
1,에어컨에서 물 흐르는 소리가 나요.
3,예약 및 결제 취소 요청을 했으나 카드 취소 확인이 안됩니다. 왜 그런가요?
2,배송중인 상품의 위치는 어떻게 확인하나요?
1,실내기 버튼이 눌러지지 않아요. CL 표시가 떠요.
3,패스에 포함된 나라들은 자유롭게 왔다갔다 하며 이용 가능한가요?
3,아동은 추가요금이 있나요?
3,예약인원이 10명이상일때 인터넷상에서 어떻게 예약을 하나요?
1,램프가 전체적으로 깜박 거려요. 가동 중 멈추면서 NO가 떠요.
3,[지중해&유럽] 지중해 및 유럽에도 기독교 성지가 있나요?
1,LG 프렌즈와 휴대폰은 어떻게 연결하나요?
3,무통장 입금계좌를 알고싶습니다.
1,투인원 벽걸이만 가동 중인데 실외기가 안돌아 가요.
0,보험료를 추가납입할 수 있다고 하는데 어떻게 납입합니까?
2,상품을 직접 방문하여 수령할 수는 없나요?
1,오레오 버전에서 앱 바로가기는 무엇인가요.
0,무릎의 십자인대 파열로 수술 후 의사의 권유에 따라 보조기를 구입했습니다. 실손보장이 가능한가요?
1,내장형 배터리와 방수기능 적용으로 발열에 안전한가요.
1,통화중녹음은 어떻게 사용하나요.
2,상품을 직접 방문하여 수령할 수는 없나요?
0,지문을 삭제하고 싶은데 어떻게 해야 하나요?
2,제작 상품은 언제쯤 받아볼 수 있나요?
1,최근 구입한 제품인데 약품 냄새가 나요.
1,에어컨의 배관 단열재가 벗겨졌어요.
2,배송이 지연되는 사유가 무엇인가요?
3,입장권/패스를 당장 받고 싶습니다. 구매 후 바로 수령이 가능할까요?
3,[일본] GREEN 과 ORDINARY 의 차이가 무엇인가요?
0,대출가능여부 확인을 위한 신용정보조회시 신용등급에 영향이 없나요?
2,배송이 지연되는 사유가 무엇인가요?
2,발송완료 알림톡(SMS) 을 받았는데 상품은 언제쯤 받을 수 있는거예요?
3,해외호텔 예약을 하면 바로 결제를 해야 하나요?
3,호텔 체크인  체크아웃 시간은 언제인가요?
0,수익자 변경 관련 안내 입니다.
3,트윈에는 2인의 조식이 모두 포함인가요?
2,원페이(Onepay) 등록 및 결제창이 안 열려요
0,크롬 정책 변경에 따른 로그인 이용 안내
1,(듀얼)필터 청소는 어떻게 하나요.
0,펀드상품은 예금자보호 대상입니까?
3,예약대기인데 왜 결제가 안되는지요?
2,아이디를 여러개 만들 수 있나요?
1,실내기 버튼을 눌러도 표시창이 켜지지 않아요.
3,[예약] 대기자로 예약된 경우 좌석 확약 여부는 언제 알 수 있나요?
3,세금계산서나 현금영수증 발행이 되나요?
2,배송중인 상품의 위치는 어떻게 확인하나요?
0,가입한 보험의 보장내역조회는 어디서 하나요?
3,호텔 예약을 했는데 호텔에 숙박할 때 무엇이 필요한가요?
0,단체보험의 개별전환 신청에 관한 내용 입니다.
2,발송완료 알림톡(SMS) 을 받았는데 상품은 언제쯤 받을 수 있는거예요?
1,에어컨 날개가 닫히지 않아요. 열리지 않아요.
2,취소한 상품이 배송되었습니다. 어떻게 하나요?
1,내장형 배터리와 방수기능 적용으로 발열에 안전한가요.
1,에어컨 바닥으로 물이 많이 새요.
1,V30의 새로운 절전 모드에 대해 알려 주세요.
3,유럽에서 쓰는 화폐(통화)는?
0,개인연금보험의 소득공제 가능여부를 알려주십시오.
2,배송중인 상품의 위치는 어떻게 확인하나요?
3,[유럽] 유로스타란? 유로스타 이용하는 방법 알려주세요!
1,토출구 날개가 열리거나 닫힐 때 소리가 나요.
0,변액보험 펀드변경은 왜 하나요?
0,지로영수증을 분실했을 경우 보험료 입금을 어떻게 해야 합니까?
1,필터의 교체시기/구입방법이 궁금해요.
3,장거리 비행을 하려고 하는데 기내에서 어떤 운동을 하는 것이 좋을까요?
3,마일리지가 있어 무료로 항공을 이용할 수 있는데 현지 관광에만 참여할 수 있나요?
2,발송완료 알림톡(SMS) 을 받았는데 상품은 언제쯤 받을 수 있는거예요?
2,상품을 직접 방문하여 수령할 수는 없나요?
1,(칸/ 위너)필터 청소는 어떻게 하나요.
1,Smart ThinQ 모듈 설치 및 Wifi 연결 방법을 알려주세요.(듀얼/챔피언/칸 & 위너 모델)
0,병원발급 구비서류는 사본은 불가합니까?
2,상품을 반품할 경우 반품택배비는 누가 부담하나요?
1,LG 360 캠은 어떻게 사용하나요?
0,개인연금보험  보장성보험의 소득공제 가능여부를 알려주세요.
2,취소한 상품이 배송되었습니다. 어떻게 하나요?
3,홈페이지에서 다른 사람 예약이 가능한가요?
1,에어컨의 토출구가 올라가지 않아요. 날개가 열리지 않아요.
2,발송완료 알림톡(SMS)을 받았는데  송장 추적이 되지 않아요.
2,상품을 받지 못했는데 발송완료로 표시되는 이유가 뭔가요?
2,롯데닷컴 배송흐름은 어떻게 되나요?
1,에어컨에서 기름이 떨어져요.
2,발송완료 알림톡(SMS)을 받았는데  송장 추적이 되지 않아요.
3,세 명이 여행할 경우 함께 방을 쓸 수 있나요? 아니면 방을 두개 써야 하나요?
0,개인연금펀드를 가입하고 있습니다. 연말소득공제 납입증명서를 어떻게 발급받을 수 있나요?
1,Bluetooth 기기를 여러 대 동시에 연결하고 싶어요.
1,LG 프렌즈 카메라로 촬영한 사진을 휴대폰에서 편리하게 확인 가능합니다.
1,휴대폰 변경 후 메시지 수신이 안돼요.
3,항공 요금 변동될 수 있나요?
2,휴일에도 상품을 받을수 있나요?
0,아기 이름을 등록하고 싶습니다.
3,장애인&학생 운임조건 증빙서류 어디로 제출하면 되나요?
3,투숙자 이름 변경이 가능할까요?
3,패스의 마감 시간은 몇시인가요?
1,난방이 됐다 안됐다 해요.
3,외국인으로 한글이름이 없어요?
3,영문 명 & 성별 수정 가능한가요?
0,변액보험에 가입해서 매월 보험료를 내고 있는데요  주식시장이 계속 안 좋아져서 걱정입니다.
2,배송이 지연되는 사유가 무엇인가요?
1,에어컨을 만지면 전기가 흘러요.
2,상품을 직접 방문하여 수령할 수는 없나요?
2,롯데닷컴 배송흐름은 어떻게 되나요?
1,스탠드 에어컨 시운전 방법
1,타USIM제한설정해제 입력 이라는 창이 뜨는 건가요
2,휴일에도 상품을 받을수 있나요?
0,퇴직연금 실시이전의 기간에 대한 적립금을 한꺼번에 전부 적립해야 하나요?
1,인버터 에어컨의 월간소비전력은 하루 몇 시간 동안 가동한 수치인가요.
2,발송완료 알림톡(SMS)을 받았는데  송장 추적이 되지 않아요.
3,[일본] 일본 영주권자 혹은 유학생도 JR 패스 발권되나요?
0,DB 부담금은 얼마고 어떻게 계산합니까?
3,항공사 마일리지로 좌석만 업그레이드 가능한가요?
1,[설치 후 처음 사용] 표시창에 NO가 떠요.
1,에어컨 여름 사용 전 점검 방법이 궁금해요
0,과거병력 미 고지후 2년 경과하였습니다. 보험혜택에 이상 없습니까?
1,휴대폰 터치가 잘 안됩니다.
3,[중동] 한국 음식을 가져가도 되나요?
3,미확정 요금으로 예약했는데 결제할 수 있나요?
1,스마트 닥터 실행이 안돼요.
0,상품변경과 배분비율 변경은 어떤 차이점이 있습니까?
1,(난방) 실외기에 성에가 껴요.
0,가상계좌를 통해서 원리금 납입이 가능한가요?
3,체크인(Check-in)
1,에어컨에서 쉭쉭쉭 냉매 소음이 발생해요.(아파트 매립배관)
0,퇴직보험을 인터넷으로 청구하기 위해서 어떻게 하여야 합니까?
0,화상으로 썬크림  보습제 등 화장품을 처방받았습니다. 실손보장이 가능한가요?
3,[유럽]유레일 패스 세이버 요금과 유스요금의 차이는 무엇인가요?
2,휴일에도 상품을 받을수 있나요?
1,G6 새 휴대기기로 데이터를 옮기고 싶어요.
0,퇴직금 지급시 대출금 또는 압류금에 대한 공제가 가능한가요?
3,[기타] NO-SHOW는 무엇인가요?
2,발송완료 알림톡(SMS)을 받았는데  송장 추적이 되지 않아요.
3,주말인데 당장 월요일 체크인으로 예약이 가능한가요?
1,사진  음악  동영상을 다른 LG 휴대폰에 빠르게 전송하고 싶어요.(G5 이전 모델)
0,사망보험금(입원급여금)의 청구시효기간은 언제까지인가요?
2,상품을 이미 받았는데 발송되었다는 문자메시지가 왔습니다. 왜 그런가요?
2,배송중인 상품의 위치는 어떻게 확인하나요?
1,에어컨 가동 중 떨리는 소음이 나요.
1,F700(G5) SMS 문자 수신 안 되는 현상
2,상품이 발송되었다는 문자메시지를 받았습니다. 언제쯤 받아볼 수 있나요?
2,발송완료 알림톡(SMS)을 받았는데  송장 추적이 되지 않아요.
2,휴일에도 상품을 받을수 있나요?
1,필터 청소는 어떻게 하나요.
0,보험가입시 등록했던 주소를 변경하고 싶습니다.
1,V35  G7 화면 해상도는 어떻게 변경하나요.
0,「나의 계약」에서 내가 가입한 보험이 보이지 않습니다.
1,[G6] 젠더를 이용해 충전하면 충전 속도가 느려요.
2,이메일 인증을 통해 가입 후 다른 이메일로 변경은 어떻게 진행 해야 하나요?
0,보안메일의 첨부파일을 클릭하면 내용이 안나오고 소스가 보입니다.
3,장애인&학생&호텔 바우처 운임조건 증빙서류가 무엇인가요?
3,[일본][오키나와] 유이레일패스란 무엇인가요?
3,왕복항공권 구매하고 돌아오는것만 사용할수 있나요?
2,상품을 직접 방문하여 수령할 수는 없나요?
0,계약자를 바꾸고 싶습니다. 계약자 변경 절차를 알려 주십시오.
2,주문완료 후 배송지를 변경할 수 있나요?
1,G7 뉴세컨드 스크린 기능은 무엇인가요.
1,배수 호스가 빠졌어요. 찢어졌어요.
1,휴대폰의 데이터가 삭제되었나요.
1,LG 캠 플러스 충전은 어떻게 하나요?
1,오레오 버전에서 앱 다운로드 후 홈화면에 앱 아이콘이 안보여요.
1,url로 온 메시지 클릭하면 '메시지설정에서 웹주소연결을 켜주세요' 라고 나와요.
3,항공권 유효 기간은 무엇인가요?
0,확정급여형(DB)제도와 퇴직보험은 비슷해 보이는데 차이점이 있습니까?
3,해외호텔 취소나 변경을 하고 싶은데 어떻게 하면 되나요?
3,항공권 예약 시 여권이 꼭 필요한가요?
0,배우자(자녀)통장으로 자동이체 신청할 수 있습니까?
3,입실 절차는 어떻게 되나요?
2,상품을 직접 방문하여 수령할 수는 없나요?
3,취소마감일이 지난 예약이라 그런지 결제를 해야만 예약을 할 수가 있네요. 결제 없이는 예약이 불가능 한가요?
3,[투어마일리지][사용문의] 가족합산 투어마일리지 사용이 가능한가요?
0,펀드의 수익률을 조회하고 싶습니다.
0,계약자적립액이란 무엇입니까?
3,현지 연락처는 무엇을 기재하면 되나요?
2,취소한 상품이 배송되었습니다. 어떻게 하나요?
2,주문한 상품은 언제쯤 받을 수 있나요?
3,여행사에서 항공권을 예약 했습니다. 항공사 홈페이지에서는 확인이 안되나요?
1,에어컨에서 기름이 떨어져요.
3,이티켓 받으려면 도우미 여행사 방문해야 하나요?
3,출국과 귀국 도시가 달라요.예약 가능할까요?
0,보험계약대출 이자의 납입 및 방법에 대한 안내 입니다.
2,상품을 받지 못했는데 발송완료로 표시되는 이유가 뭔가요?
1,SP/CP/PO는 어떤 기능 인가요.
1,앱 업데이트는 어떻게 하나요?
3,예약한 운전자 외 추가운전자 등록이 가능한가요?
2,상품을 받지 못했는데 발송완료로 표시되는 이유가 뭔가요?
1,에어컨에서 기름이 떨어져요.
0,얼마 전 해지(해약)을 했습니다. 과거 거래이력을 보고 싶은데 접속이 안됩니다.
2,휴일에도 상품을 받을수 있나요?
3,인솔자와 가이드의 차이점은 무엇인가요?
3,[예약취소 및 환불요청] 출발후 예약취소 및 환불요청 문의 답변
2,취소한 상품이 배송되었습니다. 어떻게 하나요?
3,취소 확인은 어디서 하나요?
2,발송완료 알림톡(SMS) 을 받았는데 상품은 언제쯤 받을 수 있는거예요?
3,결제시한 확인해주세요?
3,[기타] 항공권 유효 기간은 무엇인가요?
0,실효된 후 입원(수술)했었는데 부활할 수 있습니까?
1,필터 청소는 어떻게 하나요.
2,롯데닷컴 배송흐름은 어떻게 되나요?
2,발송완료 알림톡(SMS) 을 받았는데 상품은 언제쯤 받을 수 있는거예요?
0,임시보관함은 무엇입니까?
2,발송완료 알림톡(SMS)을 받았는데  송장 추적이 되지 않아요.
2,발송완료 알림톡(SMS)을 받았는데  송장 추적이 되지 않아요.
2,취소한 상품이 배송되었습니다. 어떻게 하나요?
3,카드 승인은 되었는데 발권이 실패되었습니다  어떻게 하나요?
2,롯데닷컴 배송흐름은 어떻게 되나요?
2,발송완료 알림톡(SMS) 을 받았는데 상품은 언제쯤 받을 수 있는거예요?
1,스마트 게시판은 무엇인가요.
1,V20(F800) SD 카드는 어떻게 사용 하나요
2,휴일에도 상품을 받을수 있나요?
1,에어컨이 꺼져 있는데 실외기가 돌아가요. 사용하지 않는데 물이 떨어져요.
0,가입후 90일 경과건인데 환매수수료가 발생합니다. 왜 그런가요?
0,당사와 타사에 실손보험을 각각 가입했습니다. 중복으로 보장이 되나요?
0,간편비밀번호 서비스는 무엇인가요?
0,보안 프로그램 설치 중 화면이 멈추거나 오류가 발생했습니다.
2,취소한 상품이 배송되었습니다. 어떻게 하나요?
2,주문한 상품은 언제쯤 받을 수 있나요?
3,개인 사정으로 인해 발권 후 항공편을 이용하지 못했습니다. 어떻게 하죠?
0,치과병원에서 통원치료를 받았습니다. 이 경우도 실손의료비보장특약에서 보장 되나요?
0,변액보험 펀드변경은 왜 하나요?
3,항공 요금규정은 어디서 확인하나요?
0,교보생명 융자콜센터(☎1588-1010) 안내서비스 및 이용시간
2,발송완료 알림톡(SMS) 을 받았는데 상품은 언제쯤 받을 수 있는거예요?
3,유레일패스는 어떤 기차를 탈 수 있나요?
3,신용카드 무이자 혜택이 있나요?
2,배송중인 상품의 위치는 어떻게 확인하나요?
3,주중에 신혼여행을 가려는데요..?
3,최소 출발 인원이 안 되는 경우는 어떻게 되나요?
2,주문한 상품은 언제쯤 받을 수 있나요?
3,하나투어마일리지를 적립 받는 방법은?
0,회원가입을 하는데 이미 가입되어 있다고 합니다.
1,국내에서 구입한 에어컨을 해외에서 사용해도 되나요.
3,탑승시간 이후 항공권 취소방법은 어떻게 되나요?
2,배송중인 상품의 위치는 어떻게 확인하나요?
3,공항미팅시간에 맞춰갈 수 없을 것 같은데 어떤 조치를 취해야 하나요?
3,호텔바우처첨부 요금은 무엇인가요?
3,[유럽]분실 또는 도난 당했거나 부분적으로 사용한 패스의 환불이 가능합니까?
3,모바일 예약은 어떻게 확인하나요?
2,취소한 상품이 배송되었습니다. 어떻게 하나요?
3,여행가방은 어떻게 꾸려야 합니까?
0,가입하려는 펀드의 운용현황을 알고 싶은데 조회할 수 있습니까?
2,배송이 지연되는 사유가 무엇인가요?
1,F720 펜 지킴이 기능 -
3,임차계약서 확인방법
1,근접센서 기능이 안되나요?
0,노동부에 신고한 규약과 계약할 내용이 다르면 안됩니까?
0,퇴직연금의 급여는 언제 받을 수 있나요?
3,일정을 변경하고 싶은데 어떻게 해야하나요?
0,회원가입을 하면 보험계약조회를 할 수 있습니까?
1,(설치 후 처음 사용) 가동 중 멈추면서  NO가 떠요.
0,실손의료보험에서 비례분담이란 무엇인가요?
3,중간기착지체류가 무엇인가요?
1,계좌 등록을 하려고 하니  기존에 모바일현금카드에 가입된 고객이라며 계좌 등록이 안됩니다.
1,기존 타사 안드로이드 휴대폰에서 데이터 이동은 어떻게 하나요?
0,펀드계좌 개설후에 인터넷으로 새로운 펀드를 가입하려면 어떻게 해야하나요?
1,(냉방) 실외기에서 물이 떨어져요.
0,운용방법(펀드)의 변경시 소요 기간은 얼마나 걸립니까?
1,LG 페이 앱을 설치하고 싶어요.
1,충전기 연결 시 '수분이 감지되어 충전 불가' 멘트가 떠요.
3,국내선 예약 시 좌석이 필요 없는 유아도 예약을 해야하나요?
2,롯데닷컴 배송흐름은 어떻게 되나요?
3,ALL inclusive가 무엇인가요?
2,취소한 상품이 배송되었습니다. 어떻게 하나요?
0,[다이렉트]정기보험이란 무엇인가요?
3,항공권 변경이나 취소가능한가요?
1,난방 선택이 안돼요.
0,타인의 이메일이 발송되었는데요?
1,난간에 설치된 실외기 소음이 커졌어요. 실외기가 떨려요.
3,항공사 마일리지 적립은 어떻게 해야되나요?
3,데이유즈(Day Use)
2,본인인증이란 무엇인가요? 꼭 해야하나요?
0,공인인증서로 로그인하고 싶은데 어떻게 해야 합니까?
2,휴일에도 상품을 받을수 있나요?
3,체류지 정보 등록 여부 확인해 주세요?
3,임신 8개월인데 제주도 갈 수 있나요?
0,가입 후 대출은 언제부터 가능합니까?
0,한번 설정한 퇴직급여제도를 변경 방법 및 그 절차는 무엇인가요?
1,실내기 버튼이 눌러지지 않아요. CL 표시가 떠요.
0,계약자 이름을 개명을 했는데  어떻게 신청해야 해요?
0,퇴직연금제도가 도입되면  현행 퇴직금 제도는 없어지는 건가요?
1,[폭염] 갑자기 냉기가 약해졌어요. 냉기가 안 나와요
2,실시간 계좌이체 이용 방법에 대해 알려주세요.
3,카드사에 확인해보니 중복 승인 되어있습니다  어떻게 하나요?
1,G5 Wi-Fi Sharing.
3,출발 전 자세한 안내를 위한 설명을 받을 수 있나요?
0,퇴직급여를 연금으로만 받아야 합니까? 일시금으로 받을 수는 없습니까?
0,보안메일을 모바일에서 열람하고 싶습니다.
1,배수펌프가 작동하지 않아요.
3,보험이 적용되지 않는 경우
1,배수펌프를 사용 하시나요?
1,난방/히터 선택이 안돼요.
1,리모컨이 안돼요.
0,보장성 보험인데 만기시 납입한 보험료를 모두 받을수 있습니까?
2,상품을 직접 방문하여 수령할 수는 없나요?
1,에어컨 내부청소는 어떻게 하나요.(열교환기가 상부에 있는 모델)
0,어제 통장에 잔고가 없어서 인출이 안되었는데 오늘 인출할 수 있나요?
2,취소한 상품이 배송되었습니다. 어떻게 하나요?
3,항공사로 사전좌석지정 위해 전화해서 하나투어 예약번호 말하면 되나요?
3,[요금규정][기타] TAX 요금이 달라지는 이유는 무엇인가요?
3,[수화물/동승자][기타] 기내 반입하지 않고 부치는 수하물의 허용은 어떻게 되나요?
3,[스케줄변경] 예약한 항공권을 변경하거나 취소할 수 있나요?
1,전원을 꺼도 날개가 완전히 닫히지 않아요.
3,항공권 카드결제 후 환불절차는 어떻게 되나요?
2,주문한 상품은 언제쯤 받을 수 있나요?
0,비밀번호가 기억나지 않습니다.
2,배송중인 상품의 위치는 어떻게 확인하나요?
3,여행사에서 항공권을 예약했습니다. 항공사 홈페이지에서는 예약확인이 안 되는 건가요?
1,겨울철 이후 처음 사용한다면 자가 점검을 해보셨나요?
2,주문한 상품은 언제쯤 받을 수 있나요?
0,펀드를 가입하려고 합니다. 펀드에 입금을 어떻게 하나요?
3,모바일 닷컴에서 예약했는데 마일리지 또는 상품권 결제가 가능한가요?
3,[결제오류] 결제요청이 안되요
2,휴일에도 상품을 받을수 있나요?
1,에어컨에 코드가 없어요. 코드가 잘렸어요.
0,퇴직보험자산은 특별계정으로 운용하여 기존의 일반보험자산...
0,변액유니버셜보험의 월대체보험료가 뭔가요?
0,외국에서 사고가 났어요 보장가능합니까?
3,[투어마일리지][사용문의] 가족합산 투어마일리지 사용이 가능한가요?
0,금융거래인증이란 무엇입니까?
2,배송중인 상품의 위치는 어떻게 확인하나요?
1,V35.G7의 상황 인지 기능은 무엇인가요.
3,트윈으로 꼭 투숙해야 합니다. 사전에 미리 확정 받고 갈 수 있나요?
0,실효(효력상실해지)된 계약을 다시 살리고 싶습니다.
0,보안카드 발급은 어떻게 하는 것입니까? 재발급은 어떻게 합니까?
1,LG V10 동영상 활용백서
0,홈페이지에 회원가입을 하면 어떤 혜택이 있나요?
1,휴대폰  정품 소모품 구매는 어떻게 하나요.
2,휴일에도 상품을 받을수 있나요?
0,근로자(개인)가 운용방법으로 개별 주식을 직접 선택할 수 없습니까?
1,USB 케이블 연결 및 충전 중에 LG 캠 플러스는 동작을 하나요?
2,배송중인 상품의 위치는 어떻게 확인하나요?
3,해외여행이 건강에 무리가 될까 걱정이 됩니다.
3,요금 미확정은 무엇인가요?
1,가정용 스탠드 에어컨의 분해 청소가 가능한가요.
1,자동건조는 어떤 기능인가요.
1,바람이 나오지 않아요.
1,새 제품인데 사용 중 냄새가 나요.
3,여행시기는 언제가 좋을까요?
2,상품을 받지 못했는데 발송완료로 표시되는 이유가 뭔가요?
3,꼭 스케줄 재확인을 해야하나요?
0,생명보험사가 도산하면 퇴직연금 적립금은 어떻게 보장됩니까?
3,어제 확정되는 요금을 확인했는데 지금은 그 요금이 없어요. or 확정이었는데 지금은 대기로 보여요.
3,[결제수정 및 문의] 항공권 결제는 어떻게 하나요?
3,국내숙박&펜션 예약시 법인카드 결제는 어떻게 하나요?
3,특가 요금도 추가적으로 개인신분할인이 가능한가요?
3,NO-SHOW란 무엇인가요?
2,롯데닷컴 배송흐름은 어떻게 되나요?
2,배송중인 상품의 위치는 어떻게 확인하나요?
3,대여한 차량은 어떻게 결제하나요?
3,예약 전 TAX와 예약 후 또는 발권시 TAX가 달라요. 어떻게 된거죠?
2,취소한 상품이 배송되었습니다. 어떻게 하나요?
2,배송중인 상품의 위치는 어떻게 확인하나요?
1,(난방) 토출구에서 흰 연기가 나와요. 수증기가 보여요.
3,[기타]항공사 마일리지를 이용해서 예약 및 발권이 가능한가요?
2,발송완료 알림톡(SMS)을 받았는데  송장 추적이 되지 않아요.
0,메일 및 핸드폰 정보가 변경되어 비밀번호 확인이 안 됩니다.
2,회원탈퇴 후 개인정보는 언제 삭제되나요?
3,공항 면세점 이용시간은?
2,상품을 직접 방문하여 수령할 수는 없나요?
1,지문 센서는 어디에 있나요?
1,실내기가 흔들리는데 어떻게 고정하나요.
1,LG 360 VR의 렌즈 위치와 초점 조정 방법은 어떻게 되나요?
0,퇴직연금사업자 선택은 어떤 기준으로 해야 합니까?
2,판매업체 연락처를 알고 싶어요!
1,[G5] 기본 제공하는 젠더에 OTG 연결하면 인식이 안돼요.
0,퇴직연금제를 실시하기 위해서 규약을 작성해야 한다는 데 규약이란 무엇인가요?
0,확정급여형(DB)제도와 확정기여형(DC)제도 중 어느 제도가 부담금이 더 저렴한가요?
2,취소한 상품이 배송되었습니다. 어떻게 하나요?
2,롯데닷컴 배송흐름은 어떻게 되나요?
3,언제까지 취소 시 수수료가 없나요?
3,카드 무이자 할부 가능한가요?
1,[안드로이드] 업데이트 후 제품등록시 무한로딩이 발생합니다.
2,상품을 받지 못했는데 발송완료로 표시되는 이유가 뭔가요?
3,해외항공권 구입시 하나투어 마일리지는 얼마나 적립 되나요?
1,필터 청소는 어떻게 하나요.
0,유니버설종신보험 자유납입이 가능하다고 하던데요 자유납입이란?
2,상품을 받지 못했는데 발송완료로 표시되는 이유가 뭔가요?
1,휴대폰 침수시 어떻게 해야 하나요.
0,외국인입니다. 금번 여권기간 만료로 외국인등록번호가 변경되었습니다. 그 후에 MY삼성생명 접속이 되지 않습니다.
1,(난방) 실외기에 성에가 껴요.
0,미국과 한국의 퇴직급여제도는 어떻게 다름니까?
1,사용 설명서 다운로드 방법은 어떻게 되나요.
0,유니버설종신보험 보험료를 납입하지 않으면 월대체보험료로 공제된다고 하는데 월대체보험료란 무엇입니까?
1,Google 계정이나 백업 PIN으로 화면 잠금을 해제할 수 있나요.
1,비밀번호 분실로 화면이 잠기셨나요.
2,발송완료 알림톡(SMS) 을 받았는데 상품은 언제쯤 받을 수 있는거예요?
3,가족 카드로 결제가능한가요 ?
0,펀드를 매도했습니다. 손실이 발생했는데 세금이 발생할 수 있나요?
1,LG 캠 플러스는 다운받은 카메라 앱에서 사용할 수 있나요?
3,투숙자가 외국인이면 요금이 달라지나요 ?
0,모든 협회의 협회원들은 단체보험 가입이 가능합니까?
2,상품을 받지 못했는데 발송완료로 표시되는 이유가 뭔가요?
3,[일본][규슈] JR 레일패스란 무엇인가요?
2,취소한 상품이 배송되었습니다. 어떻게 하나요?
1,화면 터치가 안되시나요.
2,발송완료 알림톡(SMS) 을 받았는데 상품은 언제쯤 받을 수 있는거예요?
1,실외기는 비를 맞아도 되나요.
3,인솔자와 가이드의 차이점은 무엇인가요?
2,회원가입을 하지 않아도 물건을 주문할 수 있나요?
3,[결제시한] 항공권 결제시한이 변경되어서 결제해달라고 문자가 왔는데 결제요청이 안되요
2,배송 받은 상품이 주문한 상품과 다를 경우에는 어떻게 해야 하나요?
3,레이트 체크아웃 사전 신청 가능한가요?
0,전화로 가입하는 보험도 질병이 있을 경우 진단을 받아야 합니까?
2,발송완료 알림톡(SMS)을 받았는데  송장 추적이 되지 않아요.
1,표시창에 바람개비 표시가 떠요. 실외기 표시가 떠요.
0,상피내암이 무엇인가요 ?
1,표시창에 CH05가 떠요
2,배송중인 상품의 위치는 어떻게 확인하나요?
3,객실 수 변경을 하고 싶은데 어떻게 하면 되나요?
1,[벽걸이 에어컨] 난방 할 때 실외기가 가동되나요.
3,호텔에서 바우처를 보여주고 체크인하는데 카드 결제를 하라고 합니다.
3,[공항/기내서비스][기타] 항공사 기내서비스 신청가능한가요?
1,해외 USIM 차단 해제 모델 (컨트리락 해제) 이 궁금하세요?
1,필터청소는 어떻게 하나요.
1,전원이 꺼졌다 켜졌다 해요.
3,유류세? 공항이용료? 이건 뭔가요? 항공료 이외에 별도로 지불 해야하나요? '
2,발송완료 알림톡(SMS)을 받았는데  송장 추적이 되지 않아요.
1,LG 프렌즈(Friends) 구입은 어디서 하나요?
1,에어컨 부품을 택배로 받아볼 수 있나요.
0,신탁상품을 가입하려면 어떻게 해야합니까?
1,2in1 벽걸이 제품만 냉기가 없어요.
0,미적립된 부분은 어떻게 근로자에게 지급되나요?
3,비자 관련 문의
0,퇴직보험 가입시 임금채권보장기금이 얼마나 감면됩니까?
0,운용방법의 선택과 관련해서 주의해야 할 사항은 무엇입니까?
3,인솔자 동행 미정이라고 되어있는데 몇 명부터 동행인가요?
3,탑승수속은 어떻게 해야 하나요?
2,롯데닷컴 배송흐름은 어떻게 되나요?
3,시차적응이 너무 힘듭니다. 쉽게 적응할 수 없을까요?
0,지문인증 서비스는 무엇인가요?
0,확정기여형에 있어서 적립금 운용방법 선정에 근로자들은 금융지식이 없는데  도움이 필요하지 않나요?
1,(크라운)필터 청소는 어떻게 하나요.
3,항공권 부분 환불이 가능한가요?
3,객실 요금은 인당 요금인가요?
2,발송완료 알림톡(SMS)을 받았는데  송장 추적이 되지 않아요.
2,발송완료 알림톡(SMS) 을 받았는데 상품은 언제쯤 받을 수 있는거예요?
3,결제 전인데 예약변경은 어떻게 하나요?
3,예약내용 확인은 어떻게 하나요?
0,변액보험 펀드변경을 할려고 합니다 어떤 펀드로 변경해야 하나요?
0,이혼후 배우자도 그대로 보장가능합니까?
2,롯데닷컴 배송흐름은 어떻게 되나요?
1,표시창에 NO가 뜨면서 작동이 안 돼요. 전원이 꺼져요.
2,휴일에도 상품을 받을수 있나요?
1,Wi-Fi 연결이 잘 안되거나 자주 끊어지시나요.
0,특별계정 투입금액이란 무엇입니까?
1,벽걸이 에어컨에서 물이 떨어져요.
2,우수고객 등급 선정기준이 어떻게 되나요?
3,결제는 카드만 가능한가요?
2,주문한 상품은 언제쯤 받을 수 있나요?
1,사용 중 전원이 꺼졌어요. 날개가 열린 상태로 멈췄어요.
3,[예약실패] 예약이 안되요!!
2,휴일에도 상품을 받을수 있나요?
2,발송완료 알림톡(SMS)을 받았는데  송장 추적이 되지 않아요.
1,제습 운전을 해도 습도가 내려가지 않아요
3,결제한 항공권 취소하면 환불 수수료가 발생하나요? 발생하면 환불은 얼마나 걸리고 절차는 어떻게 되나요?
3,예약했는데 예약 확인은 어떻게 하나요?
0,펀드 이름의 구성은 어떻게 되나요?
2,배송이 지연되는 사유가 무엇인가요?
3,수화물 규정을 어떻게 되나요?
2,취소한 상품이 배송되었습니다. 어떻게 하나요?
0,변액보험 펀드수익률은 직전1년/연환산누적수익률 등 수익률을 표시해 주는데요  어떻게 구하나요?
2,배송중인 상품의 위치는 어떻게 확인하나요?
0,제도도입 후에 DC 부담금 또는 DB 퇴직급여 수준을 변경할 수 있나요?
0,매월원리금균등분할상환과 매월원금균등분할상환은 어떻게 다름니까?
1,실외기는 눈 / 비를 맞아도 되나요.
2,발송완료 알림톡(SMS)을 받았는데  송장 추적이 되지 않아요.
1,V35  G7 붐박스 쇼 기능을 알려주세요.
0,남편계약의 보험료를 납입하고  전부 관리하고 있는 배우자(=예금주)에게 입금확인이 불가한 이유가 무엇입니까?
0,현재 내가 가입한 변액보험 펀드에 어떤 종목이 투자되는지  또는 투자비중은 어떤지 알고 싶습니다.
1,제상 또는 예열이 뜨면서 난방이 안돼요.
2,롯데닷컴 배송흐름은 어떻게 되나요?
2,비밀번호를 잊어버렸는데 임시 비밀번호를 부여 받은 메일 주소도 기억 나지 않아요.
1,에어컨의 월간소비전력은 하루 몇 시간 동안 가동한 수치인가요.
0,실손에서 모든 상해가 다 보장되나요?
2,배송이 지연되는 사유가 무엇인가요?
1,(난방) 실외기에 성에가 껴요.
1,(냉방)실내기에 성에가 껴요.
0,보험계약대출도 인지세가 있나요?
0,펀드와 신탁의 차이점은 무엇입니까?
2,주문한 상품은 언제쯤 받을 수 있나요?
0,확정급여형 퇴직연금에 있어서 사용자가 매년 적립해야 할 의무금액은 얼마인가요?
0,회원가입 시 본인인증을 하면 이름이 틀리다고 나옵니다.(또는 자료가 없다고 나옵니다.)
3,해외 현지에서 출발하는 편도&왕복&다구간 예약할 수 있나요?
1,G7 상태 표시줄에 배터리 퍼센트 표시가 보이지 않아요.
2,주문한 상품은 언제쯤 받을 수 있나요?
2,상품을 받지 못했는데 발송완료로 표시되는 이유가 뭔가요?
0,모든 사업장에서 강제로 퇴직연금제도를 실시해야 하나요?
1,표시창에 LO가 떠요.
2,발송완료 알림톡(SMS) 을 받았는데 상품은 언제쯤 받을 수 있는거예요?
1,SD 외장메모리 인식이 안되나요?
2,주문한 상품은 언제쯤 받을 수 있나요?
0,가입 후 대출은 언제부터 가능합니까?
2,교환하려는 상품은 어디로 보내면 되나요?
2,상품을 직접 방문하여 수령할 수는 없나요?
3,항공사 홈페이지에서 예약건 조회가 안됩니다.
3,요금에 추가되는 세금(TAX)과 유류할증료는 무엇인가요?
1,LTE 모뎀을 사용하고 계신가요.
2,주문자나 입금자 이름으로 된 은행 계좌가 없을 경우에는 어떻게 환불 받나요?
0,메일로 임시비밀번호를 받았는데 틀리다고 합니다.
0,연금은 몇 년간 받을 수 있나요?
3,[지중해&유럽] 환전은 어떻게 얼마나 해야 할까요?
0,청구를 잘못하였습니다. 취소하고 싶습니다.
0,지급예정일 지정이 가능합니까?
0,청구취소는 어떻게 합니까?
1,LG 페이 카드 결제 비밀번호는 안전한가요.
3,DCC 란 무엇인가요?
0,보험계약대출금(보험계약대출 이자)을 상환하는 방법은 어떤 것들이 있나요?
3,애완동물을 데리고 비행기를 탑승할 수 있나요?
0,본인의 지문만 이용할 수 있나요?
3,수화물은 최대 몇kg까지 무료인가요?
0,교보다이렉트로 보험에 가입하면 어떤 점이 좋아요?
1,G7 상태 표시줄에 배터리 퍼센트 표시가 보이지 않아요.
3,실시간예약(확정예약)과 일반예약(대기예약)의 차이는 뭔가요?
1,배관을 재사용 할 수 있나요.
3,여행 경비는 얼마정도 가져가야 할까요?
1,에어컨 여름 사용 전 점검 방법이 궁금해요
3,[수화물/동승자][기타] 애완동물을 데리고 비행기를 탑승할 수 있나요?
3,주말 업무 및 업무시간 관련 안내
2,롯데닷컴 배송흐름은 어떻게 되나요?
0,건강검진을 받기 위해 입원하였습니다. 실손보험금 청구를 하였는데 보장이 되나요?
1,전원 코드선이 뜨거워요
2,배송이 지연되는 사유가 무엇인가요?
0,계약 전 알릴의무사항 위반 후 2년이 경과 되었는데 보험계약은 유효한가요?
2,발송완료 알림톡(SMS) 을 받았는데 상품은 언제쯤 받을 수 있는거예요?
3,유럽 현지에서 유레일 패스를 구매할 수 있나요?
0,부부 공동소유 APT의 스마트 모기지론 대출신청 절차는?
2,이미 결제한 주문건의 결제수단을 변경할 수 있나요?
0,대출 이용한 거래내역이 궁금해요(기간별/일자별)
0,해외에서 콜센터를 이용하려고 하는데 전화번호는 어떻게 되나요?
3,예약을 하면 바로 확정이 되는 건가요?
0,변액보험 펀드변경을 할려고 합니다. 어떤 펀드로 변경해야 하나요?
2,발송완료 알림톡(SMS)을 받았는데  송장 추적이 되지 않아요.
1,V35 V30.G7 G6 연속 사진을 촬영한 후 GIF로 사진을 저장하고 싶어요.
2,취소한 상품이 배송되었습니다. 어떻게 하나요?
2,상품을 받지 못했는데 발송완료로 표시되는 이유가 뭔가요?
0,분할/배당 자동송금제도에 대한 안내입니다.
1,(챔피언)에어컨 도어 여는 방법을 알려주세요.
3,세이버 패스는 무엇인가요?
3,도착시간이 늦어질 것 같은데요.어떡하면 될까요?
2,배송이 지연되는 사유가 무엇인가요?
1,에어컨에서 냄새가 나는데 어떻게 청소하나요.
1,홈 화면에서 최근 사용 버튼을 길게 눌러도 메뉴 기능이 안돼요.
1,버튼을 눌러도 동작하지 않아요.(공기청정 좌우바람 먼지상태 습도 등)
1,LG 캠 플러스 버튼의 기능은 무엇인가요?
1,미지근한 바람이 나와요. 난방이 너무 약해요.
0,홈페이지를 통한 아파트 담보대출(스마트 모기지론)과 창구방문 대출과 차이점은?
2,발송완료 알림톡(SMS) 을 받았는데 상품은 언제쯤 받을 수 있는거예요?
0,만기가 있는 적립식으로 가입한 경우 만기일 이후에는 투자한 금액이 운용이 되지 않나요?
2,롯데닷컴 배송흐름은 어떻게 되나요?
0,홈페이지에서 한글 입력이 안되거나 숫자 입력이 안될때 조치 방법 안내
3,단수여권 소지 고객님은 중국 심천 입국시 주의해주세요!
3,항공사 스케쥴 변경으로 취소하고자 하는데 어떻게 해야 하나요?
2,취소한 상품이 배송되었습니다. 어떻게 하나요?
3,레스토랑(Restaurant) - 뷔페
1,패드 초기화는 어떻게 하나요.
2,휴일에도 상품을 받을수 있나요?
2,배송중인 상품의 위치는 어떻게 확인하나요?
2,안심번호 서비스
3,예약 확인은 어떻게 하나요?
0,공인인증서는 어디서 발급 받나요?
2,배송이 지연되는 사유가 무엇인가요?
2,주문 결제는 안전한가요?
0,MY삼성생명에서 유지계약 해지(해약)시 기준사항입니다.
2,주문한 상품은 언제쯤 받을 수 있나요?
0,해지(해약)는 언제 가능한가요?
1,에어컨 분해 청소가 가능한가요.
2,상품을 받지 못했는데 발송완료로 표시되는 이유가 뭔가요?
1,타는 냄새가 나요.
3,호텔 요금 방금 봤는데 다시 검색하니까 요금이 확인되지를 않습니다?
2,배송이 지연되는 사유가 무엇인가요?
3,비회원예약인데 하나투어 마일리지적립 가능한가요?
0,보험료의 납입을 일시적으로 중단할 수 있는지요?
2,취소한 상품이 배송되었습니다. 어떻게 하나요?
0,확정기여형에 있어서 운용방법의 변경 시 불이익은 없나요?
3,예약할 때 성별과 생년월일을 잘못 입력했는데 비행기 탑승을 못하나요?
0,보험도 예금자보호법에 의해 보호 받을 수 있나요?
